[
  {
    "external_ids": [{"key": "779"}],
    "birthdate": null,
    "phone_numbers": [null],
    "nickname": "Brandy",
    "name": {
      "family_name": "shields",
      "middle_name": null,
      "given_name": "Brandy",
      "formatted_name": "Brandy shields"
    },
    "addresses": [
      {
        "extended_address": null,
        "postal_code": null,
        "region": null,
        "locality": null,
        "street_address": null
      }
    ],
    "sys_id": "56341a35a0143e6da79de73d"
  },
  {
    "external_ids": [{"key": "841"}],
    "birthdate": null,
    "phone_numbers": [null],
    "nickname": "Monica",
    "name": {
      "family_name": "Lais",
      "middle_name": null,
      "given_name": "Monica",
      "formatted_name": "Monica Lais"
    },
    "addresses": [
      {
        "extended_address": null,
        "postal_code": null,
        "region": null,
        "locality": null,
        "street_address": null
      }
    ],
    "sys_id": "56341a35a0143e6da79de73e"
  },
  {
    "external_ids": [{"key": "856"}],
    "birthdate": null,
    "phone_numbers": [null],
    "nickname": "rhett",
    "name": {
      "family_name": "rustad",
      "middle_name": null,
      "given_name": "rhett",
      "formatted_name": "rhett rustad"
    },
    "addresses": [
      {
        "extended_address": null,
        "postal_code": null,
        "region": null,
        "locality": null,
        "street_address": null
      }
    ],
    "sys_id": "56341a35a0143e6da79de73f"
  },
  {
    "external_ids": [{"key": "889"}],
    "birthdate": null,
    "phone_numbers": [null],
    "nickname": "wahacanka",
    "name": {
      "family_name": "wilch",
      "middle_name": null,
      "given_name": "wahacanka",
      "formatted_name": "wahacanka wilch"
    },
    "addresses": [
      {
        "extended_address": null,
        "postal_code": null,
        "region": null,
        "locality": null,
        "street_address": null
      }
    ],
    "sys_id": "56341a35a0143e6da79de740"
  },
  {
    "external_ids": [{"key": "635"}],
    "birthdate": null,
    "phone_numbers": [null],
    "nickname": "Ashley",
    "name": {
      "family_name": "Schwaller",
      "middle_name": null,
      "given_name": "Ashley",
      "formatted_name": "Ashley Schwaller"
    },
    "addresses": [
      {
        "extended_address": null,
        "postal_code": null,
        "region": null,
        "locality": null,
        "street_address": null
      }
    ],
    "sys_id": "56341a35a0143e6da79de741"
  },
  {
    "external_ids": [{"key": "621"}],
    "birthdate": "1992-07-05T00:00:00.000Z",
    "phone_numbers": [null],
    "nickname": "Kari",
    "name": {
      "family_name": "Klarenbeek",
      "middle_name": null,
      "given_name": "Kari",
      "formatted_name": "Kari Klarenbeek"
    },
    "addresses": [
      {
        "extended_address": null,
        "postal_code": "57055",
        "region": "SD",
        "locality": "sf",
        "street_address": "25793 Kiwanis Ave"
      }
    ],
    "sys_id": "56341a35a0143e6da79de742"
  },
  {
    "external_ids": [{"key": "618"}],
    "birthdate": null,
    "phone_numbers": [null],
    "nickname": "Jason",
    "name": {
      "family_name": "Olson",
      "middle_name": null,
      "given_name": "Jason",
      "formatted_name": "Jason Olson"
    },
    "addresses": [
      {
        "extended_address": null,
        "postal_code": null,
        "region": null,
        "locality": null,
        "street_address": null
      }
    ],
    "sys_id": "56341a35a0143e6da79de743"
  },
  {
    "external_ids": [{"key": "777"}],
    "birthdate": null,
    "phone_numbers": [null],
    "nickname": "manager",
    "name": {
      "family_name": "manager",
      "middle_name": null,
      "given_name": "manager",
      "formatted_name": "manager manager"
    },
    "addresses": [
      {
        "extended_address": null,
        "postal_code": null,
        "region": null,
        "locality": null,
        "street_address": null
      }
    ],
    "sys_id": "56341a35a0143e6da79de744"
  },
  {
    "external_ids": [{"key": "900"}],
    "birthdate": null,
    "phone_numbers": [null],
    "nickname": "Ever",
    "name": {
      "family_name": "Hernandez",
      "middle_name": null,
      "given_name": "Ever",
      "formatted_name": "Ever Hernandez"
    },
    "addresses": [
      {
        "extended_address": null,
        "postal_code": "57106",
        "region": "SD",
        "locality": "Sioux Falls",
        "street_address": "6609 W. 15th Pl"
      }
    ],
    "sys_id": "56341a35a0143e6da79de745"
  },
  {
    "external_ids": [{"key": "792"}],
    "birthdate": null,
    "phone_numbers": [null],
    "nickname": "Candice",
    "name": {
      "family_name": "Gilpin",
      "middle_name": null,
      "given_name": "Candice",
      "formatted_name": "Candice Gilpin"
    },
    "addresses": [
      {
        "extended_address": null,
        "postal_code": null,
        "region": null,
        "locality": null,
        "street_address": null
      }
    ],
    "sys_id": "56341a36d539ec37d9df2b25"
  },
  {
    "external_ids": [{"key": "878"}],
    "birthdate": null,
    "phone_numbers": [null],
    "nickname": "Mackenzie",
    "name": {
      "family_name": "Jones",
      "middle_name": null,
      "given_name": "Mackenzie",
      "formatted_name": "Mackenzie Jones"
    },
    "addresses": [
      {
        "extended_address": null,
        "postal_code": null,
        "region": null,
        "locality": null,
        "street_address": null
      }
    ],
    "sys_id": "56341a36d539ec37d9df2b26"
  },
  {
    "external_ids": [{"key": "913"}],
    "birthdate": "1993-06-29T00:00:00.000Z",
    "phone_numbers": [null],
    "nickname": "Rebecca",
    "name": {
      "family_name": "Marso",
      "middle_name": null,
      "given_name": "Rebecca",
      "formatted_name": "Rebecca Marso"
    },
    "addresses": [
      {
        "extended_address": null,
        "postal_code": null,
        "region": null,
        "locality": null,
        "street_address": null
      }
    ],
    "sys_id": "56341a36d539ec37d9df2b27"
  },
  {
    "external_ids": [{"key": "268"}],
    "birthdate": "1967-11-28T00:00:00.000Z",
    "phone_numbers": [null],
    "nickname": "Trecia",
    "name": {
      "family_name": "Rickenbach",
      "middle_name": "J",
      "given_name": "Trecia",
      "formatted_name": "Trecia J Rickenbach"
    },
    "addresses": [
      {
        "extended_address": null,
        "postal_code": null,
        "region": null,
        "locality": null,
        "street_address": null
      }
    ],
    "sys_id": "56341a36d539ec37d9df2b28"
  },
  {
    "external_ids": [{"key": "1000"}],
    "birthdate": null,
    "phone_numbers": [null],
    "nickname": "Card KP",
    "name": {
      "family_name": "Card KP",
      "middle_name": null,
      "given_name": "Card KP",
      "formatted_name": "Card KP Card KP"
    },
    "addresses": [
      {
        "extended_address": null,
        "postal_code": null,
        "region": null,
        "locality": null,
        "street_address": null
      }
    ],
    "sys_id": "56341a36d539ec37d9df2b29"
  },
  {
    "external_ids": [{"key": "147"}],
    "birthdate": "1994-03-26T00:00:00.000Z",
    "phone_numbers": [null],
    "nickname": "Emily",
    "name": {
      "family_name": "VerWey",
      "middle_name": "J",
      "given_name": "Emily",
      "formatted_name": "Emily J VerWey"
    },
    "addresses": [
      {
        "extended_address": null,
        "postal_code": null,
        "region": null,
        "locality": null,
        "street_address": null
      }
    ],
    "sys_id": "56341a36d539ec37d9df2b2a"
  },
  {
    "external_ids": [{"key": "500"}],
    "birthdate": null,
    "phone_numbers": [null],
    "nickname": "Jessi's Card",
    "name": {
      "family_name": "Jessi's Card",
      "middle_name": null,
      "given_name": "Jessi's Card",
      "formatted_name": "Jessi's Card Jessi's Card"
    },
    "addresses": [
      {
        "extended_address": null,
        "postal_code": null,
        "region": null,
        "locality": null,
        "street_address": null
      }
    ],
    "sys_id": "56341a36d539ec37d9df2b2c"
  },
  {
    "external_ids": [{"key": "1001"}],
    "birthdate": null,
    "phone_numbers": [null],
    "nickname": "Card Lauren",
    "name": {
      "family_name": "Card Lauren",
      "middle_name": null,
      "given_name": "Card Lauren",
      "formatted_name": "Card Lauren Card Lauren"
    },
    "addresses": [
      {
        "extended_address": null,
        "postal_code": null,
        "region": null,
        "locality": null,
        "street_address": null
      }
    ],
    "sys_id": "56341a36d539ec37d9df2b2d"
  },
  {
    "external_ids": [{"key": "874"}],
    "birthdate": "1993-01-10T00:00:00.000Z",
    "phone_numbers": [null],
    "nickname": "Kelsey",
    "name": {
      "family_name": "Boese",
      "middle_name": "M",
      "given_name": "Kelsey",
      "formatted_name": "Kelsey M Boese"
    },
    "addresses": [
      {
        "extended_address": null,
        "postal_code": null,
        "region": null,
        "locality": null,
        "street_address": null
      }
    ],
    "sys_id": "56341a36c28eda788e13638c"
  },
  {
    "external_ids": [{"key": "667"}],
    "birthdate": "1964-08-03T00:00:00.000Z",
    "phone_numbers": [null],
    "nickname": "Sheila",
    "name": {
      "family_name": "Rodman",
      "middle_name": "R",
      "given_name": "Sheila",
      "formatted_name": "Sheila R Rodman"
    },
    "addresses": [
      {
        "extended_address": null,
        "postal_code": "57106",
        "region": "SD",
        "locality": "Sioux Falls",
        "street_address": "5804 w.15th st"
      }
    ],
    "sys_id": "56341a36c28eda788e13638d"
  },
  {
    "external_ids": [{"key": "668"}],
    "birthdate": null,
    "phone_numbers": ["605-731-9900"],
    "nickname": "roger",
    "name": {
      "family_name": "Nino",
      "middle_name": null,
      "given_name": "Rojelio",
      "formatted_name": "Rojelio Nino"
    },
    "addresses": [
      {
        "extended_address": null,
        "postal_code": "57106",
        "region": "SD",
        "locality": "Sioux Falls",
        "street_address": "620 McClellan St"
      }
    ],
    "sys_id": "56341a36c28eda788e13638e"
  },
  {
    "external_ids": [{"key": "148"}],
    "birthdate": "1993-06-19T00:00:00.000Z",
    "phone_numbers": [null],
    "nickname": "Alexa",
    "name": {
      "family_name": "Stritecky",
      "middle_name": "J",
      "given_name": "Alexa",
      "formatted_name": "Alexa J Stritecky"
    },
    "addresses": [
      {
        "extended_address": null,
        "postal_code": null,
        "region": null,
        "locality": null,
        "street_address": null
      }
    ],
    "sys_id": "56341a36c28eda788e136390"
  },
  {
    "external_ids": [{"key": "122"}],
    "birthdate": "1958-12-20T00:00:00.000Z",
    "phone_numbers": [null],
    "nickname": "Vern",
    "name": {
      "family_name": "Olsen",
      "middle_name": null,
      "given_name": "Vern",
      "formatted_name": "Vern Olsen"
    },
    "addresses": [
      {
        "extended_address": null,
        "postal_code": "57105",
        "region": "SD",
        "locality": "Sioux Falls",
        "street_address": "1605 S Duluth Ave"
      }
    ],
    "sys_id": "56341a36c28eda788e136391"
  },
  {
    "external_ids": [{"key": "830"}],
    "birthdate": "1977-09-22T00:00:00.000Z",
    "phone_numbers": [null],
    "nickname": "Jeff",
    "name": {
      "family_name": "Smyrack",
      "middle_name": null,
      "given_name": "Jeff",
      "formatted_name": "Jeff Smyrack"
    },
    "addresses": [
      {
        "extended_address": null,
        "postal_code": "57106",
        "region": "SOUTH DAKOTA",
        "locality": "Sioux Falls",
        "street_address": "6101 S. Connie Ave."
      }
    ],
    "sys_id": "56341a36c28eda788e136393"
  },
  {
    "external_ids": [{"key": "665"}],
    "birthdate": null,
    "phone_numbers": [null],
    "nickname": "Chad",
    "name": {
      "family_name": "Torkelson",
      "middle_name": null,
      "given_name": "Chad",
      "formatted_name": "Chad Torkelson"
    },
    "addresses": [
      {
        "extended_address": null,
        "postal_code": null,
        "region": null,
        "locality": null,
        "street_address": null
      }
    ],
    "sys_id": "56341a36a0143e6da79de750"
  },
  {
    "external_ids": [{"key": "888"}],
    "birthdate": "1995-06-14T00:00:00.000Z",
    "phone_numbers": [null],
    "nickname": "Jensyn",
    "name": {
      "family_name": "Rickenbach",
      "middle_name": null,
      "given_name": "Jensyn",
      "formatted_name": "Jensyn Rickenbach"
    },
    "addresses": [
      {
        "extended_address": null,
        "postal_code": null,
        "region": null,
        "locality": null,
        "street_address": null
      }
    ],
    "sys_id": "56341a36a0143e6da79de751"
  },
  {
    "external_ids": [{"key": "987"}],
    "birthdate": "1996-02-15T00:00:00.000Z",
    "phone_numbers": [null],
    "nickname": "Sheloby",
    "name": {
      "family_name": "Meier",
      "middle_name": null,
      "given_name": "Shelby",
      "formatted_name": "Shelby Meier"
    },
    "addresses": [
      {
        "extended_address": null,
        "postal_code": null,
        "region": null,
        "locality": null,
        "street_address": null
      }
    ],
    "sys_id": "56341a36a0143e6da79de752"
  },
  {
    "external_ids": [{"key": "669"}],
    "birthdate": "1989-09-15T00:00:00.000Z",
    "phone_numbers": [null],
    "nickname": "Devin",
    "name": {
      "family_name": "Knigge",
      "middle_name": null,
      "given_name": "Devin",
      "formatted_name": "Devin Knigge"
    },
    "addresses": [
      {
        "extended_address": null,
        "postal_code": null,
        "region": null,
        "locality": null,
        "street_address": null
      }
    ],
    "sys_id": "56341a36a0143e6da79de756"
  },
  {
    "external_ids": [{"key": "670"}],
    "birthdate": null,
    "phone_numbers": [null],
    "nickname": "Julian",
    "name": {
      "family_name": "Stands",
      "middle_name": null,
      "given_name": "Julian",
      "formatted_name": "Julian Stands"
    },
    "addresses": [
      {
        "extended_address": null,
        "postal_code": null,
        "region": null,
        "locality": null,
        "street_address": null
      }
    ],
    "sys_id": "56341a36a0143e6da79de757"
  },
  {
    "external_ids": [{"key": "1002"}],
    "birthdate": null,
    "phone_numbers": [null],
    "nickname": "m",
    "name": {
      "family_name": "g",
      "middle_name": null,
      "given_name": "m",
      "formatted_name": "m g"
    },
    "addresses": [
      {
        "extended_address": null,
        "postal_code": null,
        "region": null,
        "locality": null,
        "street_address": null
      }
    ],
    "sys_id": "56341a36a0143e6da79de759"
  },
  {
    "external_ids": [{"key": "815"}],
    "birthdate": "1996-05-09T00:00:00.000Z",
    "phone_numbers": [null],
    "nickname": "Morgan",
    "name": {
      "family_name": "Marcotte",
      "middle_name": null,
      "given_name": "Morgan",
      "formatted_name": "Morgan Marcotte"
    },
    "addresses": [
      {
        "extended_address": null,
        "postal_code": "57106",
        "region": "SD",
        "locality": "Sioux Falls",
        "street_address": "5516 W Rebecca St"
      }
    ],
    "sys_id": "56341a37d539ec37d9df2b3b"
  },
  {
    "external_ids": [{"key": "468"}],
    "birthdate": "1977-12-26T00:00:00.000Z",
    "phone_numbers": [null],
    "nickname": "Jared",
    "name": {
      "family_name": "Peterson",
      "middle_name": null,
      "given_name": "Jared",
      "formatted_name": "Jared Peterson"
    },
    "addresses": [
      {
        "extended_address": null,
        "postal_code": "57105",
        "region": "SD",
        "locality": "Sioux Falls",
        "street_address": "4413 Northridge Cr."
      }
    ],
    "sys_id": "56341a37d539ec37d9df2b41"
  },
  {
    "external_ids": [{"key": "914"}],
    "birthdate": "1996-06-13T00:00:00.000Z",
    "phone_numbers": [null],
    "nickname": "Megan",
    "name": {
      "family_name": "Driscoll",
      "middle_name": null,
      "given_name": "Megan",
      "formatted_name": "Megan Driscoll"
    },
    "addresses": [
      {
        "extended_address": null,
        "postal_code": "57104",
        "region": "SOUTH DAKOTA",
        "locality": "Sioux Falls",
        "street_address": "832 West 1st"
      }
    ],
    "sys_id": "56341a37d539ec37d9df2b42"
  },
  {
    "external_ids": [{"key": "682"}],
    "birthdate": "1989-01-25T00:00:00.000Z",
    "phone_numbers": [null],
    "nickname": "Taya",
    "name": {
      "family_name": "Norlander",
      "middle_name": null,
      "given_name": "Taya",
      "formatted_name": "Taya Norlander"
    },
    "addresses": [
      {
        "extended_address": null,
        "postal_code": "57106",
        "region": "SD",
        "locality": "sf",
        "street_address": "5008 W. Equestrian pl #205"
      }
    ],
    "sys_id": "56341a37d539ec37d9df2b43"
  },
  {
    "external_ids": [{"key": "647"}],
    "birthdate": null,
    "phone_numbers": [null],
    "nickname": "Keylee",
    "name": {
      "family_name": "Rentschler",
      "middle_name": null,
      "given_name": "Keylee",
      "formatted_name": "Keylee Rentschler"
    },
    "addresses": [
      {
        "extended_address": null,
        "postal_code": null,
        "region": null,
        "locality": null,
        "street_address": null
      }
    ],
    "sys_id": "56341a37d539ec37d9df2b44"
  },
  {
    "external_ids": [{"key": "278"}],
    "birthdate": "1969-03-30T00:00:00.000Z",
    "phone_numbers": [null],
    "nickname": "Leslie",
    "name": {
      "family_name": "Frisbee",
      "middle_name": null,
      "given_name": "Leslie",
      "formatted_name": "Leslie Frisbee"
    },
    "addresses": [
      {
        "extended_address": null,
        "postal_code": "57039",
        "region": "SOUTH DAKOTA",
        "locality": "Lennox",
        "street_address": "205 N Cherry St"
      }
    ],
    "sys_id": "56341a37a0143e6da79de75e"
  },
  {
    "external_ids": [{"key": "281"}],
    "birthdate": "1987-05-14T00:00:00.000Z",
    "phone_numbers": [null],
    "nickname": "Anne",
    "name": {
      "family_name": "Smilth",
      "middle_name": null,
      "given_name": "Anne",
      "formatted_name": "Anne Smilth"
    },
    "addresses": [
      {
        "extended_address": null,
        "postal_code": "57106",
        "region": "SOUTH DAKOTA",
        "locality": "Sioux Fallls",
        "street_address": "7500 W 66th St"
      }
    ],
    "sys_id": "56341a37a0143e6da79de760"
  },
  {
    "external_ids": [{"key": "1004"}],
    "birthdate": null,
    "phone_numbers": [null],
    "nickname": null,
    "name": {
      "family_name": "card Francisco",
      "middle_name": null,
      "given_name": null,
      "formatted_name": "card Francisco"
    },
    "addresses": [
      {
        "extended_address": null,
        "postal_code": null,
        "region": null,
        "locality": null,
        "street_address": null
      }
    ],
    "sys_id": "56341a37a0143e6da79de763"
  },
  {
    "external_ids": [{"key": "235"}],
    "birthdate": null,
    "phone_numbers": ["605-695-7216"],
    "nickname": "Connor",
    "name": {
      "family_name": "Moeller",
      "middle_name": null,
      "given_name": "Connor",
      "formatted_name": "Connor Moeller"
    },
    "addresses": [
      {
        "extended_address": null,
        "postal_code": "57032",
        "region": "SD",
        "locality": "Harrisburg",
        "street_address": "709 Laura St"
      }
    ],
    "sys_id": "56341a37a0143e6da79de765"
  },
  {
    "external_ids": [{"key": "123"}],
    "birthdate": null,
    "phone_numbers": ["6053763220"],
    "nickname": "Matt",
    "name": {
      "family_name": "Rock",
      "middle_name": null,
      "given_name": "Matt",
      "formatted_name": "Matt Rock"
    },
    "addresses": [
      {
        "extended_address": null,
        "postal_code": "57106",
        "region": "SD",
        "locality": "Sioux Falls",
        "street_address": "3012 s Mayfair Dr. #47"
      }
    ],
    "sys_id": "56341a37d539ec37d9df2b47"
  },
  {
    "external_ids": [{"key": "942"}],
    "birthdate": "1990-11-24T00:00:00.000Z",
    "phone_numbers": [null],
    "nickname": "Kayla",
    "name": {
      "family_name": "Fuller",
      "middle_name": null,
      "given_name": "Kayla",
      "formatted_name": "Kayla Fuller"
    },
    "addresses": [
      {
        "extended_address": null,
        "postal_code": null,
        "region": null,
        "locality": null,
        "street_address": null
      }
    ],
    "sys_id": "56341a37d539ec37d9df2b4a"
  },
  {
    "external_ids": [{"key": "2789"}],
    "birthdate": null,
    "phone_numbers": [null],
    "nickname": "Rebecca",
    "name": {
      "family_name": "Buechler",
      "middle_name": null,
      "given_name": "Rebecca",
      "formatted_name": "Rebecca Buechler"
    },
    "addresses": [
      {
        "extended_address": null,
        "postal_code": null,
        "region": null,
        "locality": null,
        "street_address": null
      }
    ],
    "sys_id": "56341a37d539ec37d9df2b4d"
  },
  {
    "external_ids": [{"key": "1538"}],
    "birthdate": null,
    "phone_numbers": [null],
    "nickname": "Jennifer",
    "name": {
      "family_name": "Heuimiller",
      "middle_name": null,
      "given_name": "Jennifer",
      "formatted_name": "Jennifer Heuimiller"
    },
    "addresses": [
      {
        "extended_address": null,
        "postal_code": null,
        "region": null,
        "locality": null,
        "street_address": null
      }
    ],
    "sys_id": "56341a37d539ec37d9df2b4e"
  },
  {
    "external_ids": [{"key": "8825"}],
    "birthdate": null,
    "phone_numbers": ["6055532129"],
    "nickname": "Natalie",
    "name": {
      "family_name": "Sogn",
      "middle_name": null,
      "given_name": "Natalie",
      "formatted_name": "Natalie Sogn"
    },
    "addresses": [
      {
        "extended_address": null,
        "postal_code": null,
        "region": null,
        "locality": null,
        "street_address": null
      }
    ],
    "sys_id": "56341a37d539ec37d9df2b51"
  },
  {
    "external_ids": [{"key": "7584"}],
    "birthdate": null,
    "phone_numbers": ["712385355"],
    "nickname": "Kayla",
    "name": {
      "family_name": "Dreessen",
      "middle_name": null,
      "given_name": "Kayla",
      "formatted_name": "Kayla Dreessen"
    },
    "addresses": [
      {
        "extended_address": null,
        "postal_code": null,
        "region": null,
        "locality": null,
        "street_address": null
      }
    ],
    "sys_id": "56341a37d539ec37d9df2b52"
  },
  {
    "external_ids": [{"key": "2081"}],
    "birthdate": null,
    "phone_numbers": [null],
    "nickname": "Freis",
    "name": {
      "family_name": "Figueroa",
      "middle_name": null,
      "given_name": "Greis",
      "formatted_name": "Greis Figueroa"
    },
    "addresses": [
      {
        "extended_address": null,
        "postal_code": "57106",
        "region": "SD",
        "locality": "Sioux Falls",
        "street_address": "1712 West 10th Street"
      }
    ],
    "sys_id": "56341a37c28eda788e1363b1"
  },
  {
    "external_ids": [{"key": "2412"}],
    "birthdate": null,
    "phone_numbers": [null],
    "nickname": "Sydney",
    "name": {
      "family_name": "VanLiere",
      "middle_name": null,
      "given_name": "Sydney",
      "formatted_name": "Sydney VanLiere"
    },
    "addresses": [
      {
        "extended_address": null,
        "postal_code": null,
        "region": null,
        "locality": null,
        "street_address": null
      }
    ],
    "sys_id": "56341a37c28eda788e1363b2"
  },
  {
    "external_ids": [{"key": "1559"}],
    "birthdate": "1992-02-27T00:00:00.000Z",
    "phone_numbers": [null],
    "nickname": "Brooke",
    "name": {
      "family_name": "Sheldon",
      "middle_name": null,
      "given_name": "Brooke",
      "formatted_name": "Brooke Sheldon"
    },
    "addresses": [
      {
        "extended_address": null,
        "postal_code": null,
        "region": null,
        "locality": null,
        "street_address": null
      }
    ],
    "sys_id": "56341a37c28eda788e1363b3"
  },
  {
    "external_ids": [{"key": "9012"}],
    "birthdate": "1995-07-31T00:00:00.000Z",
    "phone_numbers": [null],
    "nickname": "Paige",
    "name": {
      "family_name": "Guge",
      "middle_name": "M",
      "given_name": "Paige",
      "formatted_name": "Paige M Guge"
    },
    "addresses": [
      {
        "extended_address": null,
        "postal_code": "57106",
        "region": "SD",
        "locality": "Sioux Falls",
        "street_address": "4004 S Louis Ave"
      }
    ],
    "sys_id": "56341a37c28eda788e1363b6"
  },
  {
    "external_ids": [{"key": "5589"}],
    "birthdate": null,
    "phone_numbers": [null],
    "nickname": "Sarah",
    "name": {
      "family_name": "Menendez",
      "middle_name": "L",
      "given_name": "Sarah",
      "formatted_name": "Sarah L Menendez"
    },
    "addresses": [
      {
        "extended_address": null,
        "postal_code": "57110",
        "region": "SD",
        "locality": "Sioux Falls",
        "street_address": null
      }
    ],
    "sys_id": "56341a37c28eda788e1363b7"
  },
  {
    "external_ids": [{"key": "9783"}],
    "birthdate": null,
    "phone_numbers": [null],
    "nickname": "Virginia",
    "name": {
      "family_name": "Nelson",
      "middle_name": null,
      "given_name": "Virginia",
      "formatted_name": "Virginia Nelson"
    },
    "addresses": [
      {
        "extended_address": "Lot 22",
        "postal_code": "57078",
        "region": "SD",
        "locality": "Yankton",
        "street_address": "2200 Douglas"
      }
    ],
    "sys_id": "56341a37c28eda788e1363b8"
  },
  {
    "external_ids": [{"key": "8603"}],
    "birthdate": null,
    "phone_numbers": [null],
    "nickname": "Darwin",
    "name": {
      "family_name": "Keoke",
      "middle_name": null,
      "given_name": "Darwin",
      "formatted_name": "Darwin Keoke"
    },
    "addresses": [
      {
        "extended_address": null,
        "postal_code": null,
        "region": null,
        "locality": null,
        "street_address": null
      }
    ],
    "sys_id": "56341a37c28eda788e1363b9"
  },
  {
    "external_ids": [{"key": "5251"}],
    "birthdate": "1983-06-17T00:00:00.000Z",
    "phone_numbers": [null],
    "nickname": "Mandi",
    "name": {
      "family_name": "Olsen",
      "middle_name": null,
      "given_name": "Mandi",
      "formatted_name": "Mandi Olsen"
    },
    "addresses": [
      {
        "extended_address": null,
        "postal_code": "57104",
        "region": "SD",
        "locality": "Sioux Falls",
        "street_address": "326 N grange ave"
      }
    ],
    "sys_id": "56341a38c28eda788e1363bf"
  },
  {
    "external_ids": [{"key": "8686"}],
    "birthdate": "1990-11-04T00:00:00.000Z",
    "phone_numbers": ["6053601336"],
    "nickname": "Francisco",
    "name": {
      "family_name": "Nino",
      "middle_name": null,
      "given_name": "Francisco",
      "formatted_name": "Francisco Nino"
    },
    "addresses": [
      {
        "extended_address": null,
        "postal_code": null,
        "region": null,
        "locality": null,
        "street_address": null
      }
    ],
    "sys_id": "56341a38c28eda788e1363c1"
  },
  {
    "external_ids": [{"key": "6207"}],
    "birthdate": "1971-02-20T00:00:00.000Z",
    "phone_numbers": [null],
    "nickname": "Tamara",
    "name": {
      "family_name": "Mannes",
      "middle_name": null,
      "given_name": "Tamara",
      "formatted_name": "Tamara Mannes"
    },
    "addresses": [
      {
        "extended_address": null,
        "postal_code": null,
        "region": null,
        "locality": null,
        "street_address": null
      }
    ],
    "sys_id": "56341a38c28eda788e1363c4"
  },
  {
    "external_ids": [{"key": "700"}],
    "birthdate": null,
    "phone_numbers": [null],
    "nickname": "Bar",
    "name": {
      "family_name": "Bar",
      "middle_name": null,
      "given_name": "Bar",
      "formatted_name": "Bar Bar"
    },
    "addresses": [
      {
        "extended_address": null,
        "postal_code": null,
        "region": null,
        "locality": null,
        "street_address": null
      }
    ],
    "sys_id": "56341a38c28eda788e1363c5"
  },
  {
    "external_ids": [{"key": "6227"}],
    "birthdate": "1982-06-23T00:00:00.000Z",
    "phone_numbers": [null],
    "nickname": "Katie",
    "name": {
      "family_name": "Bauman",
      "middle_name": null,
      "given_name": "Katie",
      "formatted_name": "Katie Bauman"
    },
    "addresses": [
      {
        "extended_address": null,
        "postal_code": "57106",
        "region": "SD",
        "locality": "Sioux Falls",
        "street_address": "2900 S Hiddden Pl #5"
      }
    ],
    "sys_id": "56341a38a0143e6da79de77c"
  },
  {
    "external_ids": [{"key": "4224"}],
    "birthdate": "1998-04-10T00:00:00.000Z",
    "phone_numbers": [null],
    "nickname": "Bailey",
    "name": {
      "family_name": "Rients",
      "middle_name": null,
      "given_name": "Bailee",
      "formatted_name": "Bailee Rients"
    },
    "addresses": [
      {
        "extended_address": null,
        "postal_code": null,
        "region": null,
        "locality": null,
        "street_address": null
      }
    ],
    "sys_id": "56341a38a0143e6da79de77d"
  },
  {
    "external_ids": [{"key": "9093"}],
    "birthdate": "1979-01-10T00:00:00.000Z",
    "phone_numbers": ["6058681973"],
    "nickname": "Kim",
    "name": {
      "family_name": "Mohr",
      "middle_name": null,
      "given_name": "Kim",
      "formatted_name": "Kim Mohr"
    },
    "addresses": [
      {
        "extended_address": null,
        "postal_code": "57108",
        "region": "SD",
        "locality": "Sioux Falls",
        "street_address": "6201 S.Connie Ct"
      }
    ],
    "sys_id": "56341a38a0143e6da79de783"
  },
  {
    "external_ids": [{"key": "2195"}],
    "birthdate": "1995-03-05T00:00:00.000Z",
    "phone_numbers": [null],
    "nickname": "Samantha",
    "name": {
      "family_name": "Mueller",
      "middle_name": null,
      "given_name": "Samantha",
      "formatted_name": "Samantha Mueller"
    },
    "addresses": [
      {
        "extended_address": null,
        "postal_code": null,
        "region": null,
        "locality": null,
        "street_address": null
      }
    ],
    "sys_id": "56341a39c28eda788e1363ca"
  },
  {
    "external_ids": [{"key": "6609"}],
    "birthdate": null,
    "phone_numbers": [null],
    "nickname": "Matther",
    "name": {
      "family_name": "Rock",
      "middle_name": null,
      "given_name": "Matther",
      "formatted_name": "Matther Rock"
    },
    "addresses": [
      {
        "extended_address": null,
        "postal_code": null,
        "region": null,
        "locality": null,
        "street_address": null
      }
    ],
    "sys_id": "56341a39c28eda788e1363cf"
  },
  {
    "external_ids": [{"key": "7750"}],
    "birthdate": "1970-05-29T00:00:00.000Z",
    "phone_numbers": [null],
    "nickname": "Denah",
    "name": {
      "family_name": "Zerr",
      "middle_name": null,
      "given_name": "Denah",
      "formatted_name": "Denah Zerr"
    },
    "addresses": [
      {
        "extended_address": null,
        "postal_code": "57103",
        "region": "SD",
        "locality": "Sioux Falls",
        "street_address": "1101 Homestead Cir"
      }
    ],
    "sys_id": "56341a39d539ec37d9df2b75"
  },
  {
    "external_ids": [{"key": "1999"}],
    "birthdate": "1992-01-12T00:00:00.000Z",
    "phone_numbers": ["605-838-8116"],
    "nickname": "Stevie",
    "name": {
      "family_name": "Mueller",
      "middle_name": null,
      "given_name": "Stevie",
      "formatted_name": "Stevie Mueller"
    },
    "addresses": [
      {
        "extended_address": null,
        "postal_code": null,
        "region": null,
        "locality": null,
        "street_address": null
      }
    ],
    "sys_id": "56341a39d539ec37d9df2b79"
  },
  {
    "external_ids": [{"key": "9568"}],
    "birthdate": "1997-11-03T00:00:00.000Z",
    "phone_numbers": [null],
    "nickname": "Ronald",
    "name": {
      "family_name": "Whited",
      "middle_name": null,
      "given_name": "Ronald",
      "formatted_name": "Ronald Whited"
    },
    "addresses": [
      {
        "extended_address": null,
        "postal_code": "57105",
        "region": "SD",
        "locality": "Sioux Falls",
        "street_address": "1300 S. Center Ave."
      }
    ],
    "sys_id": "56341a39d539ec37d9df2b7a"
  },
  {
    "external_ids": [{"key": "6671"}],
    "birthdate": "1977-01-04T00:00:00.000Z",
    "phone_numbers": [null],
    "nickname": "Ric",
    "name": {
      "family_name": "Cacho",
      "middle_name": null,
      "given_name": "Ric",
      "formatted_name": "Ric Cacho"
    },
    "addresses": [
      {
        "extended_address": "#31",
        "postal_code": "57106",
        "region": "SD",
        "locality": "Sioux Falls",
        "street_address": "5401 W. 56th"
      }
    ],
    "sys_id": "56341a39d539ec37d9df2b7b"
  },
  {
    "external_ids": [{"key": "3549"}],
    "birthdate": "1995-08-06T00:00:00.000Z",
    "phone_numbers": [null],
    "nickname": "Sydney",
    "name": {
      "family_name": "Skogen",
      "middle_name": null,
      "given_name": "Sydney",
      "formatted_name": "Sydney Skogen"
    },
    "addresses": [
      {
        "extended_address": null,
        "postal_code": "57110",
        "region": "SD",
        "locality": "Sioux Falls",
        "street_address": "5037 E. 54th Street"
      }
    ],
    "sys_id": "56341a39d539ec37d9df2b7c"
  },
  {
    "external_ids": [{"key": "3545"}],
    "birthdate": "1995-08-07T00:00:00.000Z",
    "phone_numbers": [null],
    "nickname": "Jessica",
    "name": {
      "family_name": "Brooks",
      "middle_name": null,
      "given_name": "Jessica",
      "formatted_name": "Jessica Brooks"
    },
    "addresses": [
      {
        "extended_address": null,
        "postal_code": "57032",
        "region": "SD",
        "locality": "Harrisburg",
        "street_address": "47702 276th Street"
      }
    ],
    "sys_id": "56341a39c28eda788e1363d6"
  },
  {
    "external_ids": [{"key": "9791"}],
    "birthdate": "1992-11-05T00:00:00.000Z",
    "phone_numbers": ["605-553-7902"],
    "nickname": "Shawn",
    "name": {
      "family_name": "Comstock",
      "middle_name": null,
      "given_name": "Shawn",
      "formatted_name": "Shawn Comstock"
    },
    "addresses": [
      {
        "extended_address": null,
        "postal_code": null,
        "region": "SD",
        "locality": "Sioux Falls",
        "street_address": null
      }
    ],
    "sys_id": "56341a39c28eda788e1363d8"
  },
  {
    "external_ids": [{"key": "3844"}],
    "birthdate": "1996-07-25T00:00:00.000Z",
    "phone_numbers": [null],
    "nickname": "kayla",
    "name": {
      "family_name": "wilke",
      "middle_name": "j",
      "given_name": "kayla",
      "formatted_name": "kayla j wilke"
    },
    "addresses": [
      {
        "extended_address": null,
        "postal_code": "57108",
        "region": "SD",
        "locality": "sioux falls",
        "street_address": "7101 s crane ave"
      }
    ],
    "sys_id": "56341a3ac28eda788e1363e8"
  },
  {
    "external_ids": [{"key": "460"}],
    "birthdate": null,
    "phone_numbers": [null],
    "nickname": "Damaris",
    "name": {
      "family_name": "Ramirez",
      "middle_name": null,
      "given_name": "Damaris",
      "formatted_name": "Damaris Ramirez"
    },
    "addresses": [
      {
        "extended_address": null,
        "postal_code": null,
        "region": null,
        "locality": null,
        "street_address": null
      }
    ],
    "sys_id": "56341a3ad539ec37d9df2b97"
  },
  {
    "external_ids": [{"key": "1541"}],
    "birthdate": null,
    "phone_numbers": [null],
    "nickname": "Julie",
    "name": {
      "family_name": "Schulte",
      "middle_name": null,
      "given_name": "Julie",
      "formatted_name": "Julie Schulte"
    },
    "addresses": [
      {
        "extended_address": null,
        "postal_code": null,
        "region": null,
        "locality": null,
        "street_address": null
      }
    ],
    "sys_id": "56341a3ad539ec37d9df2b98"
  },
  {
    "external_ids": [{"key": "9271"}],
    "birthdate": null,
    "phone_numbers": ["6053592500"],
    "nickname": "Michael",
    "name": {
      "family_name": "Samp",
      "middle_name": null,
      "given_name": "Michael",
      "formatted_name": "Michael Samp"
    },
    "addresses": [
      {
        "extended_address": null,
        "postal_code": null,
        "region": null,
        "locality": null,
        "street_address": null
      }
    ],
    "sys_id": "56398c93dffa2e06ec95fdbb"
  },
  {
    "external_ids": [{"key": "514"}],
    "birthdate": "1999-04-09T00:00:00.000Z",
    "phone_numbers": [null],
    "nickname": "Jack",
    "name": {
      "family_name": "Callahan",
      "middle_name": "R",
      "given_name": "Jack",
      "formatted_name": "Jack R Callahan"
    },
    "addresses": [
      {
        "extended_address": null,
        "postal_code": null,
        "region": null,
        "locality": null,
        "street_address": null
      }
    ],
    "sys_id": "563ed297d539ec6139c4dabe"
  },
  {
    "external_ids": [{"key": "515"}],
    "birthdate": "1999-01-09T00:00:00.000Z",
    "phone_numbers": [null],
    "nickname": "Neida",
    "name": {
      "family_name": "Chicas-Vasquez",
      "middle_name": null,
      "given_name": "Neida",
      "formatted_name": "Neida Chicas-Vasquez"
    },
    "addresses": [
      {
        "extended_address": null,
        "postal_code": null,
        "region": null,
        "locality": null,
        "street_address": null
      }
    ],
    "sys_id": "563ed297d539ec6139c4dabf"
  },
  {
    "external_ids": [{"key": "516"}],
    "birthdate": "1999-07-06T00:00:00.000Z",
    "phone_numbers": [null],
    "nickname": "Christian",
    "name": {
      "family_name": "Vasquez",
      "middle_name": "J",
      "given_name": "Christian",
      "formatted_name": "Christian J Vasquez"
    },
    "addresses": [
      {
        "extended_address": null,
        "postal_code": null,
        "region": null,
        "locality": null,
        "street_address": null
      }
    ],
    "sys_id": "563ed297d539ec6139c4dac0"
  },
  {
    "external_ids": [{"key": "517"}],
    "birthdate": "1999-01-22T00:00:00.000Z",
    "phone_numbers": [null],
    "nickname": "Jose",
    "name": {
      "family_name": "Rosas-Vasquez",
      "middle_name": null,
      "given_name": "Jose",
      "formatted_name": "Jose Rosas-Vasquez"
    },
    "addresses": [
      {
        "extended_address": null,
        "postal_code": null,
        "region": null,
        "locality": null,
        "street_address": null
      }
    ],
    "sys_id": "563ed297d539ec6139c4dac1"
  },
  {
    "external_ids": [{"key": "518"}],
    "birthdate": "1980-09-19T00:00:00.000Z",
    "phone_numbers": [null],
    "nickname": "Bille",
    "name": {
      "family_name": "McCarthy",
      "middle_name": "M",
      "given_name": "William",
      "formatted_name": "William M McCarthy"
    },
    "addresses": [
      {
        "extended_address": null,
        "postal_code": null,
        "region": null,
        "locality": null,
        "street_address": null
      }
    ],
    "sys_id": "56a6b44f331dea479c2a3189"
  },
  {
    "external_ids": [{"key": "519"}],
    "birthdate": "1996-04-12T00:00:00.000Z",
    "phone_numbers": [null],
    "nickname": "Brianna",
    "name": {
      "family_name": "Bagshaw",
      "middle_name": "R",
      "given_name": "Brianna",
      "formatted_name": "Brianna R Bagshaw"
    },
    "addresses": [
      {
        "extended_address": null,
        "postal_code": null,
        "region": null,
        "locality": null,
        "street_address": null
      }
    ],
    "sys_id": "56a6b44f331dea479c2a318a"
  },
  {
    "external_ids": [{"key": "122"}],
    "birthdate": "1976-09-14T00:00:00.000Z",
    "phone_numbers": [null],
    "nickname": "Jake",
    "name": {
      "family_name": "McComas",
      "middle_name": "E",
      "given_name": "Jacob",
      "formatted_name": "Jacob E McComas"
    },
    "addresses": [
      {
        "extended_address": null,
        "postal_code": null,
        "region": null,
        "locality": null,
        "street_address": null
      }
    ],
    "sys_id": "56a6b44f331dea479c2a318b"
  },
  {
    "external_ids": [{"key": "522"}],
    "birthdate": "1989-05-28T00:00:00.000Z",
    "phone_numbers": ["402-285-4521"],
    "nickname": "Adryan",
    "name": {
      "family_name": "Gray",
      "middle_name": null,
      "given_name": "Adryan",
      "formatted_name": "Adryan Gray"
    },
    "addresses": [
      {
        "extended_address": null,
        "postal_code": "68104",
        "region": "NE",
        "locality": "Omaha",
        "street_address": "4516 N. 63rd Street"
      }
    ],
    "sys_id": "56a6b44f331dea479c2a318e"
  },
  {
    "external_ids": [{"key": "6874"}],
    "addresses": [
      {
        "extended_address": "Apt. 5",
        "postal_code": "57104",
        "region": "SD",
        "locality": "Sioux Falls",
        "street_address": "301 W. 2nd Street"
      }
    ],
    "phone_numbers": ["507-829-6433"],
    "nickname": "Aaron",
    "name": {
      "family_name": "Wenzel",
      "middle_name": null,
      "given_name": "Aaron",
      "formatted_name": "Aaron Wenzel"
    },
    "birthdate": "1995-11-18T00:00:00.000Z",
    "status": "Active",
    "sys_id": "56aac0949bc2dd1fa7630ea4"
  },
  {
    "external_ids": [{"key": "201"}],
    "addresses": [
      {
        "extended_address": null,
        "postal_code": null,
        "region": null,
        "locality": null,
        "street_address": null
      }
    ],
    "phone_numbers": [null],
    "nickname": "Joe",
    "name": {
      "family_name": "SERVER2",
      "middle_name": null,
      "given_name": "Joe",
      "formatted_name": "Joe SERVER2"
    },
    "birthdate": null,
    "status": "Terminated",
    "sys_id": "56aac094382b1e73fe477a16"
  },
  {
    "external_ids": [{"key": "790"}],
    "addresses": [
      {
        "extended_address": null,
        "postal_code": "57068",
        "region": "SD",
        "locality": "vally spings",
        "street_address": "205 broadway ave"
      }
    ],
    "phone_numbers": ["605-809-1159"],
    "nickname": "teddi",
    "name": {
      "family_name": "Parker",
      "middle_name": "may",
      "given_name": "Theodora",
      "formatted_name": "Theodora may Parker"
    },
    "birthdate": "1993-01-07T00:00:00.000Z",
    "status": "Terminated",
    "sys_id": "56aac094331dea020ffa6f9f"
  },
  {
    "external_ids": [{"key": "333"}],
    "addresses": [
      {
        "extended_address": null,
        "postal_code": null,
        "region": null,
        "locality": null,
        "street_address": null
      }
    ],
    "phone_numbers": [null],
    "nickname": "Samp",
    "name": {
      "family_name": "Samp",
      "middle_name": null,
      "given_name": "Mike",
      "formatted_name": "Mike Samp"
    },
    "birthdate": null,
    "status": "Active",
    "sys_id": "56aac094cb49da04c241afaf"
  },
  {
    "external_ids": [{"key": "9936"}],
    "addresses": [
      {
        "extended_address": null,
        "postal_code": "57108",
        "region": "SD",
        "locality": "Sioux Falls",
        "street_address": "7108 Heatherridge Ave."
      }
    ],
    "phone_numbers": ["605-351-3262"],
    "nickname": "Lindsey",
    "name": {
      "family_name": "Jansma",
      "middle_name": "J",
      "given_name": "Lindsey",
      "formatted_name": "Lindsey J Jansma"
    },
    "birthdate": "1971-07-02T00:00:00.000Z",
    "status": "Active",
    "sys_id": "56aac094382b1e73fe477a17"
  },
  {
    "external_ids": [{"key": "7506"}],
    "addresses": [
      {
        "extended_address": "212",
        "postal_code": "57108",
        "region": "SD",
        "locality": "sioux falls",
        "street_address": "1019 e sunrise pl"
      }
    ],
    "phone_numbers": ["414-239-5882"],
    "nickname": "natasha",
    "name": {
      "family_name": "Simonson",
      "middle_name": "jo",
      "given_name": "Natasha",
      "formatted_name": "Natasha jo Simonson"
    },
    "birthdate": "1991-12-19T00:00:00.000Z",
    "status": "Terminated",
    "sys_id": "56aac0949bc2dd1fa7630ea5"
  },
  {
    "external_ids": [{"key": "159"}],
    "addresses": [
      {
        "extended_address": null,
        "postal_code": null,
        "region": null,
        "locality": null,
        "street_address": null
      }
    ],
    "phone_numbers": [null],
    "nickname": "Lauren",
    "name": {
      "family_name": "Westerdahl",
      "middle_name": null,
      "given_name": "Lauren",
      "formatted_name": "Lauren Westerdahl"
    },
    "birthdate": "1992-07-21T00:00:00.000Z",
    "status": "Terminated",
    "sys_id": "56aac094331dea020ffa6fa0"
  },
  {
    "external_ids": [{"key": "5982"}],
    "addresses": [
      {
        "extended_address": null,
        "postal_code": "57103",
        "region": "SD",
        "locality": "sioux falls",
        "street_address": "4304 s southeastern"
      }
    ],
    "phone_numbers": [null],
    "nickname": "anna",
    "name": {
      "family_name": "Bloomhall",
      "middle_name": "marie",
      "given_name": "Anastasia",
      "formatted_name": "Anastasia marie Bloomhall"
    },
    "birthdate": "1995-11-06T00:00:00.000Z",
    "status": "Terminated",
    "sys_id": "56aac094b79147207e646bda"
  },
  {
    "external_ids": [{"key": "420"}],
    "addresses": [
      {
        "extended_address": null,
        "postal_code": null,
        "region": null,
        "locality": null,
        "street_address": null
      }
    ],
    "phone_numbers": [null],
    "nickname": "Osvaldo",
    "name": {
      "family_name": "Ricardez",
      "middle_name": null,
      "given_name": "Osvaldo",
      "formatted_name": "Osvaldo Ricardez"
    },
    "birthdate": "1987-05-19T00:00:00.000Z",
    "status": "Terminated",
    "sys_id": "56aac094cb49da04c241afb1"
  },
  {
    "external_ids": [{"key": "5194"}],
    "addresses": [
      {
        "extended_address": null,
        "postal_code": "57105",
        "region": "SD",
        "locality": "Sioux Falls",
        "street_address": "1300 E. 28th Street"
      }
    ],
    "phone_numbers": ["605-370-7337"],
    "nickname": "Kallista",
    "name": {
      "family_name": "Story",
      "middle_name": null,
      "given_name": "Kallista",
      "formatted_name": "Kallista Story"
    },
    "birthdate": "1999-01-08T00:00:00.000Z",
    "status": "Terminated",
    "sys_id": "56aac094382b1e73fe477a18"
  },
  {
    "external_ids": [{"key": "1680"}],
    "addresses": [
      {
        "extended_address": null,
        "postal_code": "57103",
        "region": "SD",
        "locality": "sioux falls",
        "street_address": "4303 s southeastern"
      }
    ],
    "phone_numbers": ["605-212-2517"],
    "nickname": "Jenna",
    "name": {
      "family_name": "christianson",
      "middle_name": "Elizabeth",
      "given_name": "Jenna",
      "formatted_name": "Jenna Elizabeth christianson"
    },
    "birthdate": "1994-03-24T00:00:00.000Z",
    "status": "Active",
    "sys_id": "56aac094331dea020ffa6fa2"
  },
  {
    "external_ids": [{"key": "7218"}],
    "addresses": [
      {
        "extended_address": "Apt. 7",
        "postal_code": "57047",
        "region": "SD",
        "locality": "Monroe",
        "street_address": "160 N. Street"
      }
    ],
    "phone_numbers": ["605-680-5444"],
    "nickname": "stacey",
    "name": {
      "family_name": "king",
      "middle_name": null,
      "given_name": "stacey",
      "formatted_name": "stacey king"
    },
    "birthdate": "1988-02-23T00:00:00.000Z",
    "status": "Terminated",
    "sys_id": "56aac0949bc2dd1fa7630ea6"
  },
  {
    "external_ids": [{"key": "4224"}],
    "addresses": [
      {
        "extended_address": null,
        "postal_code": null,
        "region": null,
        "locality": null,
        "street_address": null
      }
    ],
    "phone_numbers": [null],
    "nickname": "Bailey",
    "name": {
      "family_name": "Rients",
      "middle_name": null,
      "given_name": "Bailee",
      "formatted_name": "Bailee Rients"
    },
    "birthdate": "1998-04-11T00:00:00.000Z",
    "status": "Terminated",
    "sys_id": "56aac094382b1e73fe477a19"
  },
  {
    "external_ids": [{"key": "3844"}],
    "addresses": [
      {
        "extended_address": null,
        "postal_code": "57108",
        "region": "SD",
        "locality": "sioux falls",
        "street_address": "7101 s crane ave"
      }
    ],
    "phone_numbers": [null],
    "nickname": "kayla",
    "name": {
      "family_name": "wilke",
      "middle_name": "j",
      "given_name": "kayla",
      "formatted_name": "kayla j wilke"
    },
    "birthdate": "1996-07-26T00:00:00.000Z",
    "status": "Terminated",
    "sys_id": "56aac094331dea020ffa6fa3"
  },
  {
    "external_ids": [{"key": "6794"}],
    "addresses": [
      {
        "extended_address": null,
        "postal_code": "57103",
        "region": "SD",
        "locality": "Sioux falls",
        "street_address": "1422 E. 9th St"
      }
    ],
    "phone_numbers": ["605-941-3218"],
    "nickname": "Sabrena",
    "name": {
      "family_name": "Heimes",
      "middle_name": null,
      "given_name": "Sabrena",
      "formatted_name": "Sabrena Heimes"
    },
    "birthdate": "1996-02-03T00:00:00.000Z",
    "status": "Terminated",
    "sys_id": "56aac094b79147207e646bdc"
  },
  {
    "external_ids": [{"key": "8759"}],
    "addresses": [
      {
        "extended_address": "Unit 402",
        "postal_code": "57104",
        "region": "SD",
        "locality": "Sioux Falls",
        "street_address": "230 S. Phillips Ave"
      }
    ],
    "phone_numbers": ["818-634-6999"],
    "nickname": "Trish",
    "name": {
      "family_name": "Goff",
      "middle_name": null,
      "given_name": "Mary",
      "formatted_name": "Mary Goff"
    },
    "birthdate": "1962-09-23T00:00:00.000Z",
    "status": "Terminated",
    "sys_id": "56aac0945ac8e72eafab89d3"
  },
  {
    "external_ids": [{"key": "3553"}],
    "addresses": [
      {
        "extended_address": null,
        "postal_code": "57042",
        "region": "SD",
        "locality": "Madison",
        "street_address": "416 N. Washington"
      }
    ],
    "phone_numbers": ["605-521-1467"],
    "nickname": "Justin",
    "name": {
      "family_name": "Heath",
      "middle_name": null,
      "given_name": "Justin",
      "formatted_name": "Justin Heath"
    },
    "birthdate": "1985-12-29T00:00:00.000Z",
    "status": "Terminated",
    "sys_id": "56aac0949bc2dd1fa7630ea8"
  },
  {
    "external_ids": [{"key": "3308"}],
    "addresses": [
      {
        "extended_address": null,
        "postal_code": "57106",
        "region": "SD",
        "locality": "Sioux Falls",
        "street_address": "3109 S. Steven Dr."
      }
    ],
    "phone_numbers": ["605-553-0936"],
    "nickname": "Lexee",
    "name": {
      "family_name": "Bliss",
      "middle_name": null,
      "given_name": "Alexis",
      "formatted_name": "Alexis Bliss"
    },
    "birthdate": "1997-04-13T00:00:00.000Z",
    "status": "Terminated",
    "sys_id": "56aac094382b1e73fe477a1b"
  },
  {
    "external_ids": [{"key": "7160"}],
    "addresses": [
      {
        "extended_address": null,
        "postal_code": "57103",
        "region": "SD",
        "locality": "Sioux Falls",
        "street_address": "1205 S. Blaine"
      }
    ],
    "phone_numbers": ["605-929-1204"],
    "nickname": "Alick",
    "name": {
      "family_name": "Maier",
      "middle_name": "R",
      "given_name": "Alick",
      "formatted_name": "Alick R Maier"
    },
    "birthdate": "1991-10-07T00:00:00.000Z",
    "status": "Terminated",
    "sys_id": "56aac094cb49da04c241afb2"
  },
  {
    "external_ids": [{"key": "7003"}],
    "addresses": [
      {
        "extended_address": null,
        "postal_code": "57103",
        "region": "SD",
        "locality": "Sioux Falls",
        "street_address": "4409 E. 37th Street"
      }
    ],
    "phone_numbers": ["605-595-7905"],
    "nickname": "Maricela",
    "name": {
      "family_name": "Romero",
      "middle_name": "B",
      "given_name": "Maricela",
      "formatted_name": "Maricela B Romero"
    },
    "birthdate": "1990-08-24T00:00:00.000Z",
    "status": "Terminated",
    "sys_id": "56aac094331dea020ffa6fa5"
  },
  {
    "external_ids": [{"key": "9791"}],
    "addresses": [
      {
        "extended_address": null,
        "postal_code": null,
        "region": "SD",
        "locality": "Sioux Falls",
        "street_address": null
      }
    ],
    "phone_numbers": ["605-553-7902"],
    "nickname": "Shawn",
    "name": {
      "family_name": "Comstock",
      "middle_name": null,
      "given_name": "Shawn",
      "formatted_name": "Shawn Comstock"
    },
    "birthdate": "1992-11-06T00:00:00.000Z",
    "status": "Terminated",
    "sys_id": "56aac094b79147207e646bdd"
  }
]
