[
  {
    "employee_reference": {
      "id": "824",
      "name": "Teresa Malstrom"
    },
    "store_id": "557605fc4c32e071180a4604",
    "status": "Terminated",
    "regular_rate": {
      "value": 213,
      "code": "USD",
      "scale": 2
    },
    "store_reference": {
      "id": "2209",
      "name": "starz_sioux_falls"
    },
    "job_reference": {
      "id": "20",
      "name": "Server"
    },
    "employment_period": {
      "from": "2012-10-15T00:00:00.000Z",
      "to": null
    },
    "sys_id": "56341a3ba0143e6da79de7b7"
  },
  {
    "employee_reference": {
      "id": "806",
      "name": "Susannah Hieb"
    },
    "store_id": "557605fc4c32e071180a4604",
    "status": "Terminated",
    "regular_rate": {
      "value": 725,
      "code": "USD",
      "scale": 2
    },
    "store_reference": {
      "id": "2209",
      "name": "starz_sioux_falls"
    },
    "job_reference": {
      "id": "98",
      "name": "Trainee"
    },
    "sys_id": "56341a3ba0143e6da79de7b4"
  },
  {
    "employee_reference": {
      "id": "815",
      "name": "Morgan Marcotte"
    },
    "store_id": "557605fc4c32e071180a4604",
    "status": "Terminated",
    "regular_rate": {
      "value": 750,
      "code": "USD",
      "scale": 2
    },
    "store_reference": {
      "id": "2209",
      "name": "starz_sioux_falls"
    },
    "job_reference": {
      "id": "18",
      "name": "Hostess"
    },
    "employment_period": {
      "from": "2013-08-21T00:00:00.000Z",
      "to": null
    },
    "sys_id": "56341a3ba0143e6da79de7b5"
  },
  {
    "employee_reference": {
      "id": "815",
      "name": "Morgan Marcotte"
    },
    "store_id": "557605fc4c32e071180a4604",
    "status": "Terminated",
    "regular_rate": {
      "value": 800,
      "code": "USD",
      "scale": 2
    },
    "store_reference": {
      "id": "2209",
      "name": "starz_sioux_falls"
    },
    "job_reference": {
      "id": "26",
      "name": "Expo"
    },
    "employment_period": {
      "from": "2013-08-21T00:00:00.000Z",
      "to": null
    },
    "sys_id": "56341a3ba0143e6da79de7b6"
  },
  {
    "employee_reference": {
      "id": "779",
      "name": "Brandy shields"
    },
    "store_id": "557605fc4c32e071180a4604",
    "status": "Terminated",
    "regular_rate": {
      "value": 450,
      "code": "USD",
      "scale": 2
    },
    "store_reference": {
      "id": "2209",
      "name": "starz_sioux_falls"
    },
    "job_reference": {
      "id": "29",
      "name": "Bartender"
    },
    "sys_id": "56341a3bd539ec37d9df2ba2"
  },
  {
    "employee_reference": {
      "id": "790",
      "name": "Theodora may Parker"
    },
    "store_id": "557605fc4c32e071180a4604",
    "status": "Terminated",
    "regular_rate": {
      "value": 850,
      "code": "USD",
      "scale": 2
    },
    "store_reference": {
      "id": "2209",
      "name": "starz_sioux_falls"
    },
    "job_reference": {
      "id": "98",
      "name": "Trainee"
    },
    "employment_period": {
      "from": "2015-06-19T00:00:00.000Z",
      "to": "2015-07-23T00:00:00.000Z"
    },
    "sys_id": "56341a3bd539ec37d9df2ba3"
  },
  {
    "employee_reference": {
      "id": "790",
      "name": "Theodora may Parker"
    },
    "store_id": "557605fc4c32e071180a4604",
    "status": "Terminated",
    "regular_rate": {
      "value": 425,
      "code": "USD",
      "scale": 2
    },
    "store_reference": {
      "id": "2209",
      "name": "starz_sioux_falls"
    },
    "job_reference": {
      "id": "20",
      "name": "Server"
    },
    "employment_period": {
      "from": "2015-06-19T00:00:00.000Z",
      "to": "2015-07-23T00:00:00.000Z"
    },
    "sys_id": "56341a3bd539ec37d9df2ba4"
  },
  {
    "employee_reference": {
      "id": "792",
      "name": "Candice Gilpin"
    },
    "store_id": "557605fc4c32e071180a4604",
    "status": "Terminated",
    "regular_rate": {
      "value": 213,
      "code": "USD",
      "scale": 2
    },
    "store_reference": {
      "id": "2209",
      "name": "starz_sioux_falls"
    },
    "job_reference": {
      "id": "20",
      "name": "Server"
    },
    "sys_id": "56341a3bd539ec37d9df2ba5"
  },
  {
    "employee_reference": {
      "id": "792",
      "name": "Candice Gilpin"
    },
    "store_id": "557605fc4c32e071180a4604",
    "status": "Terminated",
    "regular_rate": {
      "value": 725,
      "code": "USD",
      "scale": 2
    },
    "store_reference": {
      "id": "2209",
      "name": "starz_sioux_falls"
    },
    "job_reference": {
      "id": "98",
      "name": "Trainee"
    },
    "sys_id": "56341a3bd539ec37d9df2ba6"
  },
  {
    "employee_reference": {
      "id": "800",
      "name": "PM Bar PM Bar"
    },
    "store_id": "557605fc4c32e071180a4604",
    "status": "Terminated",
    "regular_rate": {
      "value": 0,
      "code": "USD",
      "scale": 2
    },
    "store_reference": {
      "id": "2209",
      "name": "starz_sioux_falls"
    },
    "job_reference": {
      "id": "11",
      "name": "Bartender Drawer"
    },
    "sys_id": "56341a3ba0143e6da79de7b0"
  },
  {
    "employee_reference": {
      "id": "802",
      "name": "lizon Maltai"
    },
    "store_id": "557605fc4c32e071180a4604",
    "status": "Terminated",
    "regular_rate": {
      "value": 750,
      "code": "USD",
      "scale": 2
    },
    "store_reference": {
      "id": "2209",
      "name": "starz_sioux_falls"
    },
    "job_reference": {
      "id": "18",
      "name": "Hostess"
    },
    "employment_period": {
      "from": "2013-01-01T00:00:00.000Z",
      "to": null
    },
    "sys_id": "56341a3ba0143e6da79de7b1"
  },
  {
    "employee_reference": {
      "id": "802",
      "name": "lizon Maltai"
    },
    "store_id": "557605fc4c32e071180a4604",
    "status": "Terminated",
    "regular_rate": {
      "value": 213,
      "code": "USD",
      "scale": 2
    },
    "store_reference": {
      "id": "2209",
      "name": "starz_sioux_falls"
    },
    "job_reference": {
      "id": "20",
      "name": "Server"
    },
    "employment_period": {
      "from": "2013-01-01T00:00:00.000Z",
      "to": null
    },
    "sys_id": "56341a3ba0143e6da79de7b2"
  },
  {
    "employee_reference": {
      "id": "806",
      "name": "Susannah Hieb"
    },
    "store_id": "557605fc4c32e071180a4604",
    "status": "Terminated",
    "regular_rate": {
      "value": 213,
      "code": "USD",
      "scale": 2
    },
    "store_reference": {
      "id": "2209",
      "name": "starz_sioux_falls"
    },
    "job_reference": {
      "id": "20",
      "name": "Server"
    },
    "sys_id": "56341a3ba0143e6da79de7b3"
  },
  {
    "employee_reference": {
      "id": "320",
      "name": "Brittany Johnson"
    },
    "store_id": "557605fc4c32e071180a4604",
    "status": "Terminated",
    "regular_rate": {
      "value": 850,
      "code": "USD",
      "scale": 2
    },
    "store_reference": {
      "id": "2209",
      "name": "starz_sioux_falls"
    },
    "job_reference": {
      "id": "18",
      "name": "Hostess"
    },
    "employment_period": {
      "from": "2012-10-16T00:00:00.000Z",
      "to": null
    },
    "sys_id": "56341a38d539ec37d9df2b62"
  },
  {
    "employee_reference": {
      "id": "321",
      "name": "Alexx M Rock"
    },
    "store_id": "557605fc4c32e071180a4604",
    "status": "Terminated",
    "regular_rate": {
      "value": 900,
      "code": "USD",
      "scale": 2
    },
    "store_reference": {
      "id": "2209",
      "name": "starz_sioux_falls"
    },
    "job_reference": {
      "id": "55",
      "name": "Cook"
    },
    "employment_period": {
      "from": "2014-04-28T00:00:00.000Z",
      "to": null
    },
    "sys_id": "56341a38d539ec37d9df2b63"
  },
  {
    "employee_reference": {
      "id": "333",
      "name": "Mike Samp"
    },
    "store_id": "557605fc4c32e071180a4604",
    "status": "Active",
    "regular_rate": {
      "value": 0,
      "code": "USD",
      "scale": 2
    },
    "store_reference": {
      "id": "2209",
      "name": "starz_sioux_falls"
    },
    "job_reference": {
      "id": "10",
      "name": "Manager"
    },
    "sys_id": "56341a38d539ec37d9df2b64"
  },
  {
    "employee_reference": {
      "id": "333",
      "name": "Mike Samp"
    },
    "store_id": "557605fc4c32e071180a4604",
    "status": "Active",
    "regular_rate": {
      "value": 0,
      "code": "USD",
      "scale": 2
    },
    "store_reference": {
      "id": "2209",
      "name": "starz_sioux_falls"
    },
    "job_reference": {
      "id": "11",
      "name": "Bartender Drawer"
    },
    "sys_id": "56341a38d539ec37d9df2b65"
  },
  {
    "employee_reference": {
      "id": "333",
      "name": "Mike Samp"
    },
    "store_id": "557605fc4c32e071180a4604",
    "status": "Active",
    "regular_rate": {
      "value": 0,
      "code": "USD",
      "scale": 2
    },
    "store_reference": {
      "id": "2209",
      "name": "starz_sioux_falls"
    },
    "job_reference": {
      "id": "20",
      "name": "Server"
    },
    "sys_id": "56341a38d539ec37d9df2b66"
  },
  {
    "employee_reference": {
      "id": "351",
      "name": "Ashley Timmer"
    },
    "store_id": "557605fc4c32e071180a4604",
    "status": "Terminated",
    "regular_rate": {
      "value": 725,
      "code": "USD",
      "scale": 2
    },
    "store_reference": {
      "id": "2209",
      "name": "starz_sioux_falls"
    },
    "job_reference": {
      "id": "98",
      "name": "Trainee"
    },
    "employment_period": {
      "from": "2013-09-19T00:00:00.000Z",
      "to": null
    },
    "sys_id": "56341a38d539ec37d9df2b67"
  },
  {
    "employee_reference": {
      "id": "351",
      "name": "Ashley Timmer"
    },
    "store_id": "557605fc4c32e071180a4604",
    "status": "Terminated",
    "regular_rate": {
      "value": 213,
      "code": "USD",
      "scale": 2
    },
    "store_reference": {
      "id": "2209",
      "name": "starz_sioux_falls"
    },
    "job_reference": {
      "id": "20",
      "name": "Server"
    },
    "employment_period": {
      "from": "2013-09-19T00:00:00.000Z",
      "to": null
    },
    "sys_id": "56341a38d539ec37d9df2b69"
  },
  {
    "employee_reference": {
      "id": "357",
      "name": "Ashley Smith"
    },
    "store_id": "557605fc4c32e071180a4604",
    "status": "Terminated",
    "regular_rate": {
      "value": 213,
      "code": "USD",
      "scale": 2
    },
    "store_reference": {
      "id": "2209",
      "name": "starz_sioux_falls"
    },
    "job_reference": {
      "id": "20",
      "name": "Server"
    },
    "employment_period": {
      "from": "2013-07-30T00:00:00.000Z",
      "to": null
    },
    "sys_id": "56341a38d539ec37d9df2b6a"
  },
  {
    "employee_reference": {
      "id": "357",
      "name": "Ashley Smith"
    },
    "store_id": "557605fc4c32e071180a4604",
    "status": "Terminated",
    "regular_rate": {
      "value": 725,
      "code": "USD",
      "scale": 2
    },
    "store_reference": {
      "id": "2209",
      "name": "starz_sioux_falls"
    },
    "job_reference": {
      "id": "98",
      "name": "Trainee"
    },
    "employment_period": {
      "from": "2013-07-30T00:00:00.000Z",
      "to": null
    },
    "sys_id": "56341a38d539ec37d9df2b6b"
  },
  {
    "employee_reference": {
      "id": "390",
      "name": "Nickole Roberts"
    },
    "store_id": "557605fc4c32e071180a4604",
    "status": "Terminated",
    "regular_rate": {
      "value": 0,
      "code": "USD",
      "scale": 2
    },
    "store_reference": {
      "id": "2209",
      "name": "starz_sioux_falls"
    },
    "job_reference": {
      "id": "10",
      "name": "Manager"
    },
    "sys_id": "56341a38d539ec37d9df2b6c"
  },
  {
    "employee_reference": {
      "id": "392",
      "name": "Demery Kathryn"
    },
    "store_id": "557605fc4c32e071180a4604",
    "status": "Terminated",
    "regular_rate": {
      "value": 750,
      "code": "USD",
      "scale": 2
    },
    "store_reference": {
      "id": "2209",
      "name": "starz_sioux_falls"
    },
    "job_reference": {
      "id": "18",
      "name": "Hostess"
    },
    "employment_period": {
      "from": "2014-04-13T00:00:00.000Z",
      "to": "2014-06-05T00:00:00.000Z"
    },
    "sys_id": "56341a38d539ec37d9df2b6d"
  },
  {
    "employee_reference": {
      "id": "400",
      "name": "bartender"
    },
    "store_id": "557605fc4c32e071180a4604",
    "status": "Terminated",
    "regular_rate": {
      "value": 0,
      "code": "USD",
      "scale": 2
    },
    "store_reference": {
      "id": "2209",
      "name": "starz_sioux_falls"
    },
    "job_reference": {
      "id": "11",
      "name": "Bartender Drawer"
    },
    "sys_id": "56341a38d539ec37d9df2b6e"
  },
  {
    "employee_reference": {
      "id": "401",
      "name": "Greis Figueroa"
    },
    "store_id": "557605fc4c32e071180a4604",
    "status": "Terminated",
    "regular_rate": {
      "value": 1000,
      "code": "USD",
      "scale": 2
    },
    "store_reference": {
      "id": "2209",
      "name": "starz_sioux_falls"
    },
    "job_reference": {
      "id": "55",
      "name": "Cook"
    },
    "sys_id": "56341a38d539ec37d9df2b6f"
  },
  {
    "employee_reference": {
      "id": "409",
      "name": "Landon Thompson"
    },
    "store_id": "557605fc4c32e071180a4604",
    "status": "Terminated",
    "regular_rate": {
      "value": 950,
      "code": "USD",
      "scale": 2
    },
    "store_reference": {
      "id": "2209",
      "name": "starz_sioux_falls"
    },
    "job_reference": {
      "id": "55",
      "name": "Cook"
    },
    "employment_period": {
      "from": "2012-10-01T00:00:00.000Z",
      "to": "2014-07-18T00:00:00.000Z"
    },
    "sys_id": "56341a38d539ec37d9df2b70"
  },
  {
    "employee_reference": {
      "id": "420",
      "name": "Osvaldo Ricardez"
    },
    "store_id": "557605fc4c32e071180a4604",
    "status": "Terminated",
    "regular_rate": {
      "value": 900,
      "code": "USD",
      "scale": 2
    },
    "store_reference": {
      "id": "2209",
      "name": "starz_sioux_falls"
    },
    "job_reference": {
      "id": "55",
      "name": "Cook"
    },
    "employment_period": {
      "from": "2012-09-16T00:00:00.000Z",
      "to": null
    },
    "sys_id": "56341a38d539ec37d9df2b71"
  },
  {
    "employee_reference": {
      "id": "422",
      "name": "Amanda Gunnink"
    },
    "store_id": "557605fc4c32e071180a4604",
    "status": "Terminated",
    "regular_rate": {
      "value": 213,
      "code": "USD",
      "scale": 2
    },
    "store_reference": {
      "id": "2209",
      "name": "starz_sioux_falls"
    },
    "job_reference": {
      "id": "20",
      "name": "Server"
    },
    "employment_period": {
      "from": "2013-05-20T00:00:00.000Z",
      "to": null
    },
    "sys_id": "56341a38d539ec37d9df2b72"
  },
  {
    "employee_reference": {
      "id": "422",
      "name": "Amanda Gunnink"
    },
    "store_id": "557605fc4c32e071180a4604",
    "status": "Terminated",
    "regular_rate": {
      "value": 725,
      "code": "USD",
      "scale": 2
    },
    "store_reference": {
      "id": "2209",
      "name": "starz_sioux_falls"
    },
    "job_reference": {
      "id": "98",
      "name": "Trainee"
    },
    "employment_period": {
      "from": "2013-05-20T00:00:00.000Z",
      "to": null
    },
    "sys_id": "56341a39a0143e6da79de785"
  },
  {
    "employee_reference": {
      "id": "425",
      "name": "david zetino"
    },
    "store_id": "557605fc4c32e071180a4604",
    "status": "Terminated",
    "regular_rate": {
      "value": 1050,
      "code": "USD",
      "scale": 2
    },
    "store_reference": {
      "id": "2209",
      "name": "starz_sioux_falls"
    },
    "job_reference": {
      "id": "55",
      "name": "Cook"
    },
    "employment_period": {
      "from": "2012-10-16T00:00:00.000Z",
      "to": null
    },
    "sys_id": "56341a39a0143e6da79de786"
  },
  {
    "employee_reference": {
      "id": "429",
      "name": "jason olson"
    },
    "store_id": "557605fc4c32e071180a4604",
    "status": "Terminated",
    "regular_rate": {
      "value": 0,
      "code": "USD",
      "scale": 2
    },
    "store_reference": {
      "id": "2209",
      "name": "starz_sioux_falls"
    },
    "job_reference": {
      "id": "10",
      "name": "Manager"
    },
    "sys_id": "56341a39a0143e6da79de787"
  },
  {
    "employee_reference": {
      "id": "460",
      "name": "Damaris Ramirez"
    },
    "store_id": "557605fc4c32e071180a4604",
    "status": "Active",
    "regular_rate": {
      "value": 1000,
      "code": "USD",
      "scale": 2
    },
    "store_reference": {
      "id": "2209",
      "name": "starz_sioux_falls"
    },
    "job_reference": {
      "id": "30",
      "name": "Cleaner"
    },
    "sys_id": "56341a39a0143e6da79de788"
  },
  {
    "employee_reference": {
      "id": "468",
      "name": "Jared Peterson"
    },
    "store_id": "557605fc4c32e071180a4604",
    "status": "Terminated",
    "regular_rate": {
      "value": 513,
      "code": "USD",
      "scale": 2
    },
    "store_reference": {
      "id": "2209",
      "name": "starz_sioux_falls"
    },
    "job_reference": {
      "id": "29",
      "name": "Bartender"
    },
    "employment_period": {
      "from": "2014-01-08T00:00:00.000Z",
      "to": null
    },
    "sys_id": "56341a39a0143e6da79de789"
  },
  {
    "employee_reference": {
      "id": "468",
      "name": "Jared Peterson"
    },
    "store_id": "557605fc4c32e071180a4604",
    "status": "Terminated",
    "regular_rate": {
      "value": 750,
      "code": "USD",
      "scale": 2
    },
    "store_reference": {
      "id": "2209",
      "name": "starz_sioux_falls"
    },
    "job_reference": {
      "id": "98",
      "name": "Trainee"
    },
    "employment_period": {
      "from": "2014-01-08T00:00:00.000Z",
      "to": null
    },
    "sys_id": "56341a39a0143e6da79de78a"
  },
  {
    "employee_reference": {
      "id": "472",
      "name": "Taylor Hanson"
    },
    "store_id": "557605fc4c32e071180a4604",
    "status": "Terminated",
    "regular_rate": {
      "value": 413,
      "code": "USD",
      "scale": 2
    },
    "store_reference": {
      "id": "2209",
      "name": "starz_sioux_falls"
    },
    "job_reference": {
      "id": "20",
      "name": "Server"
    },
    "employment_period": {
      "from": "2012-09-22T00:00:00.000Z",
      "to": null
    },
    "sys_id": "56341a39a0143e6da79de78b"
  },
  {
    "employee_reference": {
      "id": "472",
      "name": "Taylor Hanson"
    },
    "store_id": "557605fc4c32e071180a4604",
    "status": "Terminated",
    "regular_rate": {
      "value": 600,
      "code": "USD",
      "scale": 2
    },
    "store_reference": {
      "id": "2209",
      "name": "starz_sioux_falls"
    },
    "job_reference": {
      "id": "29",
      "name": "Bartender"
    },
    "employment_period": {
      "from": "2012-09-22T00:00:00.000Z",
      "to": null
    },
    "sys_id": "56341a39a0143e6da79de78c"
  },
  {
    "employee_reference": {
      "id": "472",
      "name": "Taylor Hanson"
    },
    "store_id": "557605fc4c32e071180a4604",
    "status": "Terminated",
    "regular_rate": {
      "value": 750,
      "code": "USD",
      "scale": 2
    },
    "store_reference": {
      "id": "2209",
      "name": "starz_sioux_falls"
    },
    "job_reference": {
      "id": "18",
      "name": "Hostess"
    },
    "employment_period": {
      "from": "2012-09-22T00:00:00.000Z",
      "to": null
    },
    "sys_id": "56341a39a0143e6da79de78d"
  },
  {
    "employee_reference": {
      "id": "480",
      "name": "Kaitlin Gnadt"
    },
    "store_id": "557605fc4c32e071180a4604",
    "status": "Terminated",
    "regular_rate": {
      "value": 750,
      "code": "USD",
      "scale": 2
    },
    "store_reference": {
      "id": "2209",
      "name": "starz_sioux_falls"
    },
    "job_reference": {
      "id": "18",
      "name": "Hostess"
    },
    "sys_id": "56341a39a0143e6da79de78e"
  },
  {
    "employee_reference": {
      "id": "480",
      "name": "Kaitlin Gnadt"
    },
    "store_id": "557605fc4c32e071180a4604",
    "status": "Terminated",
    "regular_rate": {
      "value": 213,
      "code": "USD",
      "scale": 2
    },
    "store_reference": {
      "id": "2209",
      "name": "starz_sioux_falls"
    },
    "job_reference": {
      "id": "20",
      "name": "Server"
    },
    "sys_id": "56341a39a0143e6da79de791"
  },
  {
    "employee_reference": {
      "id": "488",
      "name": "sam crockett"
    },
    "store_id": "557605fc4c32e071180a4604",
    "status": "Terminated",
    "regular_rate": {
      "value": 950,
      "code": "USD",
      "scale": 2
    },
    "store_reference": {
      "id": "2209",
      "name": "starz_sioux_falls"
    },
    "job_reference": {
      "id": "55",
      "name": "Cook"
    },
    "employment_period": {
      "from": "2012-10-01T00:00:00.000Z",
      "to": null
    },
    "sys_id": "56341a39a0143e6da79de792"
  },
  {
    "employee_reference": {
      "id": "496",
      "name": "Caitlin Nichol"
    },
    "store_id": "557605fc4c32e071180a4604",
    "status": "Terminated",
    "regular_rate": {
      "value": 213,
      "code": "USD",
      "scale": 2
    },
    "store_reference": {
      "id": "2209",
      "name": "starz_sioux_falls"
    },
    "job_reference": {
      "id": "20",
      "name": "Server"
    },
    "employment_period": {
      "from": "2014-06-04T00:00:00.000Z",
      "to": null
    },
    "sys_id": "56341a39a0143e6da79de793"
  },
  {
    "employee_reference": {
      "id": "496",
      "name": "Caitlin Nichol"
    },
    "store_id": "557605fc4c32e071180a4604",
    "status": "Terminated",
    "regular_rate": {
      "value": 750,
      "code": "USD",
      "scale": 2
    },
    "store_reference": {
      "id": "2209",
      "name": "starz_sioux_falls"
    },
    "job_reference": {
      "id": "98",
      "name": "Trainee"
    },
    "employment_period": {
      "from": "2014-06-04T00:00:00.000Z",
      "to": null
    },
    "sys_id": "56341a39a0143e6da79de794"
  },
  {
    "employee_reference": {
      "id": "496",
      "name": "Caitlin Nichol"
    },
    "store_id": "557605fc4c32e071180a4604",
    "status": "Terminated",
    "regular_rate": {
      "value": 750,
      "code": "USD",
      "scale": 2
    },
    "store_reference": {
      "id": "2209",
      "name": "starz_sioux_falls"
    },
    "job_reference": {
      "id": "18",
      "name": "Hostess"
    },
    "employment_period": {
      "from": "2014-06-04T00:00:00.000Z",
      "to": null
    },
    "sys_id": "56341a39a0143e6da79de795"
  },
  {
    "employee_reference": {
      "id": "500",
      "name": "Jessi's Card Jessi's Card"
    },
    "store_id": "557605fc4c32e071180a4604",
    "status": "Terminated",
    "regular_rate": {
      "value": 0,
      "code": "USD",
      "scale": 2
    },
    "store_reference": {
      "id": "2209",
      "name": "starz_sioux_falls"
    },
    "job_reference": {
      "id": "10",
      "name": "Manager"
    },
    "sys_id": "56341a39a0143e6da79de796"
  },
  {
    "employee_reference": {
      "id": "517",
      "name": "Bobbie Jo Larsen"
    },
    "store_id": "557605fc4c32e071180a4604",
    "status": "Terminated",
    "regular_rate": {
      "value": 750,
      "code": "USD",
      "scale": 2
    },
    "store_reference": {
      "id": "2209",
      "name": "starz_sioux_falls"
    },
    "job_reference": {
      "id": "18",
      "name": "Hostess"
    },
    "employment_period": {
      "from": "2013-09-10T00:00:00.000Z",
      "to": null
    },
    "sys_id": "56341a39a0143e6da79de797"
  },
  {
    "employee_reference": {
      "id": "517",
      "name": "Bobbie Jo Larsen"
    },
    "store_id": "557605fc4c32e071180a4604",
    "status": "Terminated",
    "regular_rate": {
      "value": 213,
      "code": "USD",
      "scale": 2
    },
    "store_reference": {
      "id": "2209",
      "name": "starz_sioux_falls"
    },
    "job_reference": {
      "id": "20",
      "name": "Server"
    },
    "employment_period": {
      "from": "2013-09-10T00:00:00.000Z",
      "to": null
    },
    "sys_id": "56341a39a0143e6da79de798"
  },
  {
    "employee_reference": {
      "id": "532",
      "name": "Pablo Melchor"
    },
    "store_id": "557605fc4c32e071180a4604",
    "status": "Terminated",
    "regular_rate": {
      "value": 900,
      "code": "USD",
      "scale": 2
    },
    "store_reference": {
      "id": "2209",
      "name": "starz_sioux_falls"
    },
    "job_reference": {
      "id": "55",
      "name": "Cook"
    },
    "sys_id": "56341a39a0143e6da79de799"
  },
  {
    "employee_reference": {
      "id": "534",
      "name": "Micah Christensen"
    },
    "store_id": "557605fc4c32e071180a4604",
    "status": "Active",
    "regular_rate": {
      "value": 850,
      "code": "USD",
      "scale": 2
    },
    "store_reference": {
      "id": "2209",
      "name": "starz_sioux_falls"
    },
    "job_reference": {
      "id": "98",
      "name": "Trainee"
    },
    "employment_period": {
      "from": "2015-01-27T00:00:00.000Z",
      "to": null
    },
    "sys_id": "56341a39a0143e6da79de79a"
  },
  {
    "employee_reference": {
      "id": "534",
      "name": "Micah Christensen"
    },
    "store_id": "557605fc4c32e071180a4604",
    "status": "Active",
    "regular_rate": {
      "value": 425,
      "code": "USD",
      "scale": 2
    },
    "store_reference": {
      "id": "2209",
      "name": "starz_sioux_falls"
    },
    "job_reference": {
      "id": "20",
      "name": "Server"
    },
    "employment_period": {
      "from": "2015-01-27T00:00:00.000Z",
      "to": null
    },
    "sys_id": "56341a3ad539ec37d9df2b8b"
  },
  {
    "employee_reference": {
      "id": "534",
      "name": "Micah Christensen"
    },
    "store_id": "557605fc4c32e071180a4604",
    "status": "Active",
    "regular_rate": {
      "value": 900,
      "code": "USD",
      "scale": 2
    },
    "store_reference": {
      "id": "2209",
      "name": "starz_sioux_falls"
    },
    "job_reference": {
      "id": "26",
      "name": "Expo"
    },
    "employment_period": {
      "from": "2015-01-27T00:00:00.000Z",
      "to": null
    },
    "sys_id": "56341a3ad539ec37d9df2b8c"
  },
  {
    "employee_reference": {
      "id": "534",
      "name": "Micah Christensen"
    },
    "store_id": "557605fc4c32e071180a4604",
    "status": "Active",
    "regular_rate": {
      "value": 750,
      "code": "USD",
      "scale": 2
    },
    "store_reference": {
      "id": "2209",
      "name": "starz_sioux_falls"
    },
    "job_reference": {
      "id": "18",
      "name": "Hostess"
    },
    "employment_period": {
      "from": "2015-01-27T00:00:00.000Z",
      "to": null
    },
    "sys_id": "56341a3ad539ec37d9df2b8d"
  },
  {
    "employee_reference": {
      "id": "534",
      "name": "Micah Christensen"
    },
    "store_id": "557605fc4c32e071180a4604",
    "status": "Active",
    "regular_rate": {
      "value": 425,
      "code": "USD",
      "scale": 2
    },
    "store_reference": {
      "id": "2209",
      "name": "starz_sioux_falls"
    },
    "job_reference": {
      "id": "29",
      "name": "Bartender"
    },
    "employment_period": {
      "from": "2015-01-27T00:00:00.000Z",
      "to": null
    },
    "sys_id": "56341a3ad539ec37d9df2b8e"
  },
  {
    "employee_reference": {
      "id": "553",
      "name": "Clinton Payne"
    },
    "store_id": "557605fc4c32e071180a4604",
    "status": "Terminated",
    "regular_rate": {
      "value": 975,
      "code": "USD",
      "scale": 2
    },
    "store_reference": {
      "id": "2209",
      "name": "starz_sioux_falls"
    },
    "job_reference": {
      "id": "55",
      "name": "Cook"
    },
    "sys_id": "56341a3ad539ec37d9df2b8f"
  },
  {
    "employee_reference": {
      "id": "555",
      "name": "Katelyn Busse"
    },
    "store_id": "557605fc4c32e071180a4604",
    "status": "Terminated",
    "regular_rate": {
      "value": 800,
      "code": "USD",
      "scale": 2
    },
    "store_reference": {
      "id": "2209",
      "name": "starz_sioux_falls"
    },
    "job_reference": {
      "id": "26",
      "name": "Expo"
    },
    "employment_period": {
      "from": "2012-11-01T00:00:00.000Z",
      "to": null
    },
    "sys_id": "56341a3ad539ec37d9df2b90"
  },
  {
    "employee_reference": {
      "id": "555",
      "name": "Katelyn Busse"
    },
    "store_id": "557605fc4c32e071180a4604",
    "status": "Terminated",
    "regular_rate": {
      "value": 700,
      "code": "USD",
      "scale": 2
    },
    "store_reference": {
      "id": "2209",
      "name": "starz_sioux_falls"
    },
    "job_reference": {
      "id": "18",
      "name": "Hostess"
    },
    "employment_period": {
      "from": "2012-11-01T00:00:00.000Z",
      "to": null
    },
    "sys_id": "56341a3ad539ec37d9df2b91"
  },
  {
    "employee_reference": {
      "id": "556",
      "name": "zach moncrief"
    },
    "store_id": "557605fc4c32e071180a4604",
    "status": "Terminated",
    "regular_rate": {
      "value": 950,
      "code": "USD",
      "scale": 2
    },
    "store_reference": {
      "id": "2209",
      "name": "starz_sioux_falls"
    },
    "job_reference": {
      "id": "55",
      "name": "Cook"
    },
    "sys_id": "56341a3ad539ec37d9df2b92"
  },
  {
    "employee_reference": {
      "id": "580",
      "name": "Joey Marczika"
    },
    "store_id": "557605fc4c32e071180a4604",
    "status": "Terminated",
    "regular_rate": {
      "value": 950,
      "code": "USD",
      "scale": 2
    },
    "store_reference": {
      "id": "2209",
      "name": "starz_sioux_falls"
    },
    "job_reference": {
      "id": "55",
      "name": "Cook"
    },
    "sys_id": "56341a3ad539ec37d9df2b93"
  },
  {
    "employee_reference": {
      "id": "592",
      "name": "Hernandez Reyna"
    },
    "store_id": "557605fc4c32e071180a4604",
    "status": "Active",
    "regular_rate": {
      "value": 1000,
      "code": "USD",
      "scale": 2
    },
    "store_reference": {
      "id": "2209",
      "name": "starz_sioux_falls"
    },
    "job_reference": {
      "id": "30",
      "name": "Cleaner"
    },
    "sys_id": "56341a3ad539ec37d9df2b94"
  },
  {
    "employee_reference": {
      "id": "601",
      "name": "Baillie Willliams"
    },
    "store_id": "557605fc4c32e071180a4604",
    "status": "Active",
    "regular_rate": {
      "value": 425,
      "code": "USD",
      "scale": 2
    },
    "store_reference": {
      "id": "2209",
      "name": "starz_sioux_falls"
    },
    "job_reference": {
      "id": "20",
      "name": "Server"
    },
    "employment_period": {
      "from": "2014-12-23T00:00:00.000Z",
      "to": null
    },
    "sys_id": "56341a3ac28eda788e1363ed"
  },
  {
    "employee_reference": {
      "id": "601",
      "name": "Baillie Willliams"
    },
    "store_id": "557605fc4c32e071180a4604",
    "status": "Active",
    "regular_rate": {
      "value": 750,
      "code": "USD",
      "scale": 2
    },
    "store_reference": {
      "id": "2209",
      "name": "starz_sioux_falls"
    },
    "job_reference": {
      "id": "98",
      "name": "Trainee"
    },
    "employment_period": {
      "from": "2014-12-23T00:00:00.000Z",
      "to": null
    },
    "sys_id": "56341a3ac28eda788e1363ee"
  },
  {
    "employee_reference": {
      "id": "601",
      "name": "Baillie Willliams"
    },
    "store_id": "557605fc4c32e071180a4604",
    "status": "Active",
    "regular_rate": {
      "value": 900,
      "code": "USD",
      "scale": 2
    },
    "store_reference": {
      "id": "2209",
      "name": "starz_sioux_falls"
    },
    "job_reference": {
      "id": "26",
      "name": "Expo"
    },
    "employment_period": {
      "from": "2014-12-23T00:00:00.000Z",
      "to": null
    },
    "sys_id": "56341a3ac28eda788e1363ef"
  },
  {
    "employee_reference": {
      "id": "601",
      "name": "Baillie Willliams"
    },
    "store_id": "557605fc4c32e071180a4604",
    "status": "Active",
    "regular_rate": {
      "value": 750,
      "code": "USD",
      "scale": 2
    },
    "store_reference": {
      "id": "2209",
      "name": "starz_sioux_falls"
    },
    "job_reference": {
      "id": "18",
      "name": "Hostess"
    },
    "employment_period": {
      "from": "2014-12-23T00:00:00.000Z",
      "to": null
    },
    "sys_id": "56341a3ac28eda788e1363f0"
  },
  {
    "employee_reference": {
      "id": "618",
      "name": "Jason Olson"
    },
    "store_id": "557605fc4c32e071180a4604",
    "status": "Terminated",
    "regular_rate": {
      "value": 1200,
      "code": "USD",
      "scale": 2
    },
    "store_reference": {
      "id": "2209",
      "name": "starz_sioux_falls"
    },
    "job_reference": {
      "id": "55",
      "name": "Cook"
    },
    "sys_id": "56341a3ac28eda788e1363f1"
  },
  {
    "employee_reference": {
      "id": "618",
      "name": "Jason Olson"
    },
    "store_id": "557605fc4c32e071180a4604",
    "status": "Terminated",
    "regular_rate": {
      "value": 1200,
      "code": "USD",
      "scale": 2
    },
    "store_reference": {
      "id": "2209",
      "name": "starz_sioux_falls"
    },
    "job_reference": {
      "id": "18",
      "name": "Hostess"
    },
    "sys_id": "56341a3ac28eda788e1363f2"
  },
  {
    "employee_reference": {
      "id": "620",
      "name": "Mike Card"
    },
    "store_id": "557605fc4c32e071180a4604",
    "status": "Terminated",
    "regular_rate": {
      "value": 0,
      "code": "USD",
      "scale": 2
    },
    "store_reference": {
      "id": "2209",
      "name": "starz_sioux_falls"
    },
    "job_reference": {
      "id": "10",
      "name": "Manager"
    },
    "employment_period": {
      "from": "2013-10-23T00:00:00.000Z",
      "to": null
    },
    "sys_id": "56341a3ac28eda788e1363f3"
  },
  {
    "employee_reference": {
      "id": "621",
      "name": "Kari Klarenbeek"
    },
    "store_id": "557605fc4c32e071180a4604",
    "status": "Terminated",
    "regular_rate": {
      "value": 213,
      "code": "USD",
      "scale": 2
    },
    "store_reference": {
      "id": "2209",
      "name": "starz_sioux_falls"
    },
    "job_reference": {
      "id": "20",
      "name": "Server"
    },
    "employment_period": {
      "from": "2013-04-03T00:00:00.000Z",
      "to": null
    },
    "sys_id": "56341a3ac28eda788e1363f4"
  },
  {
    "employee_reference": {
      "id": "621",
      "name": "Kari Klarenbeek"
    },
    "store_id": "557605fc4c32e071180a4604",
    "status": "Terminated",
    "regular_rate": {
      "value": 725,
      "code": "USD",
      "scale": 2
    },
    "store_reference": {
      "id": "2209",
      "name": "starz_sioux_falls"
    },
    "job_reference": {
      "id": "98",
      "name": "Trainee"
    },
    "employment_period": {
      "from": "2013-04-03T00:00:00.000Z",
      "to": null
    },
    "sys_id": "56341a3ac28eda788e1363f5"
  },
  {
    "employee_reference": {
      "id": "630",
      "name": "anna morris"
    },
    "store_id": "557605fc4c32e071180a4604",
    "status": "Terminated",
    "regular_rate": {
      "value": 213,
      "code": "USD",
      "scale": 2
    },
    "store_reference": {
      "id": "2209",
      "name": "starz_sioux_falls"
    },
    "job_reference": {
      "id": "20",
      "name": "Server"
    },
    "sys_id": "56341a3ac28eda788e1363f6"
  },
  {
    "employee_reference": {
      "id": "630",
      "name": "anna morris"
    },
    "store_id": "557605fc4c32e071180a4604",
    "status": "Terminated",
    "regular_rate": {
      "value": 725,
      "code": "USD",
      "scale": 2
    },
    "store_reference": {
      "id": "2209",
      "name": "starz_sioux_falls"
    },
    "job_reference": {
      "id": "98",
      "name": "Trainee"
    },
    "sys_id": "56341a3aa0143e6da79de7a6"
  },
  {
    "employee_reference": {
      "id": "635",
      "name": "Ashley Schwaller"
    },
    "store_id": "557605fc4c32e071180a4604",
    "status": "Terminated",
    "regular_rate": {
      "value": 213,
      "code": "USD",
      "scale": 2
    },
    "store_reference": {
      "id": "2209",
      "name": "starz_sioux_falls"
    },
    "job_reference": {
      "id": "20",
      "name": "Server"
    },
    "sys_id": "56341a3aa0143e6da79de7a7"
  },
  {
    "employee_reference": {
      "id": "635",
      "name": "Ashley Schwaller"
    },
    "store_id": "557605fc4c32e071180a4604",
    "status": "Terminated",
    "regular_rate": {
      "value": 725,
      "code": "USD",
      "scale": 2
    },
    "store_reference": {
      "id": "2209",
      "name": "starz_sioux_falls"
    },
    "job_reference": {
      "id": "98",
      "name": "Trainee"
    },
    "sys_id": "56341a3aa0143e6da79de7a8"
  },
  {
    "employee_reference": {
      "id": "647",
      "name": "Keylee Rentschler"
    },
    "store_id": "557605fc4c32e071180a4604",
    "status": "Terminated",
    "regular_rate": {
      "value": 725,
      "code": "USD",
      "scale": 2
    },
    "store_reference": {
      "id": "2209",
      "name": "starz_sioux_falls"
    },
    "job_reference": {
      "id": "98",
      "name": "Trainee"
    },
    "employment_period": {
      "from": "2013-09-28T00:00:00.000Z",
      "to": null
    },
    "sys_id": "56341a3aa0143e6da79de7a9"
  },
  {
    "employee_reference": {
      "id": "647",
      "name": "Keylee Rentschler"
    },
    "store_id": "557605fc4c32e071180a4604",
    "status": "Terminated",
    "regular_rate": {
      "value": 750,
      "code": "USD",
      "scale": 2
    },
    "store_reference": {
      "id": "2209",
      "name": "starz_sioux_falls"
    },
    "job_reference": {
      "id": "18",
      "name": "Hostess"
    },
    "employment_period": {
      "from": "2013-09-28T00:00:00.000Z",
      "to": null
    },
    "sys_id": "56341a3aa0143e6da79de7aa"
  },
  {
    "employee_reference": {
      "id": "647",
      "name": "Keylee Rentschler"
    },
    "store_id": "557605fc4c32e071180a4604",
    "status": "Terminated",
    "regular_rate": {
      "value": 850,
      "code": "USD",
      "scale": 2
    },
    "store_reference": {
      "id": "2209",
      "name": "starz_sioux_falls"
    },
    "job_reference": {
      "id": "26",
      "name": "Expo"
    },
    "employment_period": {
      "from": "2013-09-28T00:00:00.000Z",
      "to": null
    },
    "sys_id": "56341a3aa0143e6da79de7ab"
  },
  {
    "employee_reference": {
      "id": "654",
      "name": "master Queen Master Queen"
    },
    "store_id": "557605fc4c32e071180a4604",
    "status": "Active",
    "regular_rate": {
      "value": 0,
      "code": "USD",
      "scale": 2
    },
    "store_reference": {
      "id": "2209",
      "name": "starz_sioux_falls"
    },
    "job_reference": {
      "id": "10",
      "name": "Manager"
    },
    "employment_period": {
      "from": "2012-10-15T00:00:00.000Z",
      "to": null
    },
    "sys_id": "56341a3aa0143e6da79de7ac"
  },
  {
    "employee_reference": {
      "id": "665",
      "name": "Chad Torkelson"
    },
    "store_id": "557605fc4c32e071180a4604",
    "status": "Terminated",
    "regular_rate": {
      "value": 950,
      "code": "USD",
      "scale": 2
    },
    "store_reference": {
      "id": "2209",
      "name": "starz_sioux_falls"
    },
    "job_reference": {
      "id": "55",
      "name": "Cook"
    },
    "employment_period": {
      "from": "2013-07-25T00:00:00.000Z",
      "to": null
    },
    "sys_id": "56341a3aa0143e6da79de7ad"
  },
  {
    "employee_reference": {
      "id": "666",
      "name": "Paul L. Rodman"
    },
    "store_id": "557605fc4c32e071180a4604",
    "status": "Terminated",
    "regular_rate": {
      "value": 1000,
      "code": "USD",
      "scale": 2
    },
    "store_reference": {
      "id": "2209",
      "name": "starz_sioux_falls"
    },
    "job_reference": {
      "id": "55",
      "name": "Cook"
    },
    "employment_period": {
      "from": "2013-05-13T00:00:00.000Z",
      "to": null
    },
    "sys_id": "56341a3aa0143e6da79de7ae"
  },
  {
    "employee_reference": {
      "id": "667",
      "name": "Sheila R Rodman"
    },
    "store_id": "557605fc4c32e071180a4604",
    "status": "Terminated",
    "regular_rate": {
      "value": 925,
      "code": "USD",
      "scale": 2
    },
    "store_reference": {
      "id": "2209",
      "name": "starz_sioux_falls"
    },
    "job_reference": {
      "id": "60",
      "name": "Dish"
    },
    "employment_period": {
      "from": "2013-05-28T00:00:00.000Z",
      "to": null
    },
    "sys_id": "56341a3aa0143e6da79de7af"
  },
  {
    "employee_reference": {
      "id": "668",
      "name": "Rojelio Nino"
    },
    "store_id": "557605fc4c32e071180a4604",
    "status": "Terminated",
    "regular_rate": {
      "value": 950,
      "code": "USD",
      "scale": 2
    },
    "store_reference": {
      "id": "2209",
      "name": "starz_sioux_falls"
    },
    "job_reference": {
      "id": "55",
      "name": "Cook"
    },
    "sys_id": "56341a3bc28eda788e1363fa"
  },
  {
    "employee_reference": {
      "id": "669",
      "name": "Devin Knigge"
    },
    "store_id": "557605fc4c32e071180a4604",
    "status": "Terminated",
    "regular_rate": {
      "value": 950,
      "code": "USD",
      "scale": 2
    },
    "store_reference": {
      "id": "2209",
      "name": "starz_sioux_falls"
    },
    "job_reference": {
      "id": "55",
      "name": "Cook"
    },
    "employment_period": {
      "from": "2013-08-10T00:00:00.000Z",
      "to": null
    },
    "sys_id": "56341a3bc28eda788e1363fb"
  },
  {
    "employee_reference": {
      "id": "670",
      "name": "Julian Stands"
    },
    "store_id": "557605fc4c32e071180a4604",
    "status": "Terminated",
    "regular_rate": {
      "value": 850,
      "code": "USD",
      "scale": 2
    },
    "store_reference": {
      "id": "2209",
      "name": "starz_sioux_falls"
    },
    "job_reference": {
      "id": "60",
      "name": "Dish"
    },
    "sys_id": "56341a3bc28eda788e1363fc"
  },
  {
    "employee_reference": {
      "id": "682",
      "name": "Taya Norlander"
    },
    "store_id": "557605fc4c32e071180a4604",
    "status": "Terminated",
    "regular_rate": {
      "value": 213,
      "code": "USD",
      "scale": 2
    },
    "store_reference": {
      "id": "2209",
      "name": "starz_sioux_falls"
    },
    "job_reference": {
      "id": "20",
      "name": "Server"
    },
    "employment_period": {
      "from": "2013-09-25T00:00:00.000Z",
      "to": null
    },
    "sys_id": "56341a3bc28eda788e1363fd"
  },
  {
    "employee_reference": {
      "id": "682",
      "name": "Taya Norlander"
    },
    "store_id": "557605fc4c32e071180a4604",
    "status": "Terminated",
    "regular_rate": {
      "value": 750,
      "code": "USD",
      "scale": 2
    },
    "store_reference": {
      "id": "2209",
      "name": "starz_sioux_falls"
    },
    "job_reference": {
      "id": "18",
      "name": "Hostess"
    },
    "employment_period": {
      "from": "2013-09-25T00:00:00.000Z",
      "to": null
    },
    "sys_id": "56341a3bc28eda788e1363fe"
  },
  {
    "employee_reference": {
      "id": "692",
      "name": "Reannon Monroy"
    },
    "store_id": "557605fc4c32e071180a4604",
    "status": "Active",
    "regular_rate": {
      "value": 1000,
      "code": "USD",
      "scale": 2
    },
    "store_reference": {
      "id": "2209",
      "name": "starz_sioux_falls"
    },
    "job_reference": {
      "id": "55",
      "name": "Cook"
    },
    "employment_period": {
      "from": "2015-07-27T00:00:00.000Z",
      "to": null
    },
    "sys_id": "56341a3bc28eda788e1363ff"
  },
  {
    "employee_reference": {
      "id": "700",
      "name": "Bar Bar"
    },
    "store_id": "557605fc4c32e071180a4604",
    "status": "Active",
    "regular_rate": {
      "value": 0,
      "code": "USD",
      "scale": 2
    },
    "store_reference": {
      "id": "2209",
      "name": "starz_sioux_falls"
    },
    "job_reference": {
      "id": "11",
      "name": "Bartender Drawer"
    },
    "sys_id": "56341a3bc28eda788e136400"
  },
  {
    "employee_reference": {
      "id": "718",
      "name": "Kelsy Koerlin"
    },
    "store_id": "557605fc4c32e071180a4604",
    "status": "Terminated",
    "regular_rate": {
      "value": 213,
      "code": "USD",
      "scale": 2
    },
    "store_reference": {
      "id": "2209",
      "name": "starz_sioux_falls"
    },
    "job_reference": {
      "id": "20",
      "name": "Server"
    },
    "employment_period": {
      "from": "2013-05-20T00:00:00.000Z",
      "to": null
    },
    "sys_id": "56341a3bc28eda788e136401"
  },
  {
    "employee_reference": {
      "id": "718",
      "name": "Kelsy Koerlin"
    },
    "store_id": "557605fc4c32e071180a4604",
    "status": "Terminated",
    "regular_rate": {
      "value": 725,
      "code": "USD",
      "scale": 2
    },
    "store_reference": {
      "id": "2209",
      "name": "starz_sioux_falls"
    },
    "job_reference": {
      "id": "98",
      "name": "Trainee"
    },
    "employment_period": {
      "from": "2013-05-20T00:00:00.000Z",
      "to": null
    },
    "sys_id": "56341a3bc28eda788e136402"
  },
  {
    "employee_reference": {
      "id": "750",
      "name": "Jennifer Jurgens"
    },
    "store_id": "557605fc4c32e071180a4604",
    "status": "Terminated",
    "regular_rate": {
      "value": 213,
      "code": "USD",
      "scale": 2
    },
    "store_reference": {
      "id": "2209",
      "name": "starz_sioux_falls"
    },
    "job_reference": {
      "id": "20",
      "name": "Server"
    },
    "sys_id": "56341a3bc28eda788e136403"
  },
  {
    "employee_reference": {
      "id": "750",
      "name": "Jennifer Jurgens"
    },
    "store_id": "557605fc4c32e071180a4604",
    "status": "Terminated",
    "regular_rate": {
      "value": 725,
      "code": "USD",
      "scale": 2
    },
    "store_reference": {
      "id": "2209",
      "name": "starz_sioux_falls"
    },
    "job_reference": {
      "id": "98",
      "name": "Trainee"
    },
    "sys_id": "56341a3bd539ec37d9df2b9d"
  },
  {
    "employee_reference": {
      "id": "751",
      "name": "Molly Grady"
    },
    "store_id": "557605fc4c32e071180a4604",
    "status": "Terminated",
    "regular_rate": {
      "value": 750,
      "code": "USD",
      "scale": 2
    },
    "store_reference": {
      "id": "2209",
      "name": "starz_sioux_falls"
    },
    "job_reference": {
      "id": "18",
      "name": "Hostess"
    },
    "employment_period": {
      "from": "2013-08-20T00:00:00.000Z",
      "to": null
    },
    "sys_id": "56341a3bd539ec37d9df2b9e"
  },
  {
    "employee_reference": {
      "id": "751",
      "name": "Molly Grady"
    },
    "store_id": "557605fc4c32e071180a4604",
    "status": "Terminated",
    "regular_rate": {
      "value": 213,
      "code": "USD",
      "scale": 2
    },
    "store_reference": {
      "id": "2209",
      "name": "starz_sioux_falls"
    },
    "job_reference": {
      "id": "20",
      "name": "Server"
    },
    "employment_period": {
      "from": "2013-08-20T00:00:00.000Z",
      "to": null
    },
    "sys_id": "56341a3bd539ec37d9df2b9f"
  },
  {
    "employee_reference": {
      "id": "777",
      "name": "manager manager"
    },
    "store_id": "557605fc4c32e071180a4604",
    "status": "Terminated",
    "regular_rate": {
      "value": 0,
      "code": "USD",
      "scale": 2
    },
    "store_reference": {
      "id": "2209",
      "name": "starz_sioux_falls"
    },
    "job_reference": {
      "id": "10",
      "name": "Manager"
    },
    "sys_id": "56341a3bd539ec37d9df2ba0"
  },
  {
    "employee_reference": {
      "id": "779",
      "name": "Brandy shields"
    },
    "store_id": "557605fc4c32e071180a4604",
    "status": "Terminated",
    "regular_rate": {
      "value": 213,
      "code": "USD",
      "scale": 2
    },
    "store_reference": {
      "id": "2209",
      "name": "starz_sioux_falls"
    },
    "job_reference": {
      "id": "20",
      "name": "Server"
    },
    "sys_id": "56341a3bd539ec37d9df2ba1"
  },
  {
    "employee_id": "56aac099331dea020ffa7025",
    "employee_reference": {
      "id": "422",
      "name": "Amanda Gunnink"
    },
    "store_id": "557605fc4c32e071180a4604",
    "status": "Terminated",
    "regular_rate": {
      "value": 213,
      "code": "USD",
      "scale": 2
    },
    "store_reference": {
      "id": "2209",
      "name": "starz_sioux_falls"
    },
    "job_reference": {
      "id": "20",
      "name": "Server"
    },
    "employment_period": {
      "from": "2013-05-21T00:00:00.000Z",
      "to": null
    },
    "sys_id": "56aac099331dea020ffa7030"
  },
  {
    "employee_id": "56aac099331dea020ffa7025",
    "employee_reference": {
      "id": "422",
      "name": "Amanda Gunnink"
    },
    "store_id": "557605fc4c32e071180a4604",
    "status": "Terminated",
    "regular_rate": {
      "value": 725,
      "code": "USD",
      "scale": 2
    },
    "store_reference": {
      "id": "2209",
      "name": "starz_sioux_falls"
    },
    "job_reference": {
      "id": "98",
      "name": "Trainee"
    },
    "employment_period": {
      "from": "2013-05-21T00:00:00.000Z",
      "to": null
    },
    "sys_id": "56aac099331dea020ffa7031"
  },
  {
    "employee_id": "56aac099331dea020ffa7027",
    "employee_reference": {
      "id": "668",
      "name": "Rojelio Nino"
    },
    "store_id": "557605fc4c32e071180a4604",
    "status": "Terminated",
    "regular_rate": {
      "value": 950,
      "code": "USD",
      "scale": 2
    },
    "store_reference": {
      "id": "2209",
      "name": "starz_sioux_falls"
    },
    "job_reference": {
      "id": "55",
      "name": "Cook"
    },
    "sys_id": "56aac099cb49da04c241b01f"
  },
  {
    "employee_id": "56aac099b79147207e646c47",
    "employee_reference": {
      "id": "122",
      "name": "Vern Olsen"
    },
    "store_id": "557605fc4c32e071180a4604",
    "status": "Active",
    "regular_rate": {
      "value": 1000,
      "code": "USD",
      "scale": 2
    },
    "store_reference": {
      "id": "2209",
      "name": "starz_sioux_falls"
    },
    "job_reference": {
      "id": "55",
      "name": "Cook"
    },
    "employment_period": {
      "from": "2013-07-03T00:00:00.000Z",
      "to": null
    },
    "sys_id": "56aac099382b1e73fe477ac4"
  },
  {
    "employee_id": "56aac099331dea020ffa7029",
    "employee_reference": {
      "id": "910",
      "name": "Jenna F Simpson"
    },
    "store_id": "557605fc4c32e071180a4604",
    "status": "Terminated",
    "regular_rate": {
      "value": 213,
      "code": "USD",
      "scale": 2
    },
    "store_reference": {
      "id": "2209",
      "name": "starz_sioux_falls"
    },
    "job_reference": {
      "id": "20",
      "name": "Server"
    },
    "employment_period": {
      "from": "2013-06-11T00:00:00.000Z",
      "to": null
    },
    "sys_id": "56aac0995ac8e72eafab8a67"
  },
  {
    "employee_id": "56aac099331dea020ffa7029",
    "employee_reference": {
      "id": "910",
      "name": "Jenna F Simpson"
    },
    "store_id": "557605fc4c32e071180a4604",
    "status": "Terminated",
    "regular_rate": {
      "value": 725,
      "code": "USD",
      "scale": 2
    },
    "store_reference": {
      "id": "2209",
      "name": "starz_sioux_falls"
    },
    "job_reference": {
      "id": "98",
      "name": "Trainee"
    },
    "employment_period": {
      "from": "2013-06-11T00:00:00.000Z",
      "to": null
    },
    "sys_id": "56aac0995ac8e72eafab8a68"
  }
]
