[
  {
    "store_id": "557605fc4c32e071180a4604",
    "instore_name": "BAR",
    "display_name": "BAR",
    "instore_id": "1",
    "sys_id": "55c4eaabd539ec3ef23618cf"
  },
  {
    "store_id": "557605fc4c32e071180a4604",
    "instore_name": "Restaraunt",
    "display_name": "Restaraunt",
    "instore_id": "2",
    "sys_id": "55c4eaabd539ec3ef23618d0"
  },
  {
    "store_id": "557605fc4c32e071180a4604",
    "instore_name": "Retail",
    "display_name": "Retail",
    "instore_id": "3",
    "sys_id": "55c4eaabd539ec3ef23618d1"
  },
  {
    "store_id": "557605fc4c32e071180a4604",
    "instore_name": "BAR",
    "display_name": "BAR",
    "instore_id": "1",
    "sys_id": "55d7ef2a4c32e01dd426f46b"
  },
  {
    "store_id": "557605fc4c32e071180a4604",
    "instore_name": "Restaraunt",
    "display_name": "Restaraunt",
    "instore_id": "2",
    "sys_id": "55d7ef2a4c32e01dd426f46c"
  },
  {
    "store_id": "557605fc4c32e071180a4604",
    "instore_name": "Retail",
    "display_name": "Retail",
    "instore_id": "3",
    "sys_id": "55d7ef2a4c32e01dd426f46d"
  },
  {
    "store_id": "557605fc4c32e071180a4604",
    "instore_name": "BAR",
    "display_name": "BAR",
    "instore_id": "1",
    "sys_id": "55fbc009d539ec6ddf346cba"
  },
  {
    "store_id": "557605fc4c32e071180a4604",
    "instore_name": "Restaraunt",
    "display_name": "Restaraunt",
    "instore_id": "2",
    "sys_id": "55fbc009d539ec6ddf346cbb"
  },
  {
    "store_id": "557605fc4c32e071180a4604",
    "instore_name": "Retail",
    "display_name": "Retail",
    "instore_id": "3",
    "sys_id": "55fbc009d539ec6ddf346cbc"
  },
  {
    "store_id": "5620fc45d539ec78c686ae45",
    "instore_name": "Dining Room",
    "display_name": "Dining Room",
    "instore_id": "1",
    "sys_id": "56325a25a0143e2d402c27db"
  },
  {
    "store_id": "5620fc45d539ec78c686ae45",
    "instore_name": "Dinng Room",
    "display_name": "Dinng Room",
    "instore_id": "2",
    "sys_id": "56325a25a0143e2d402c27dc"
  },
  {
    "store_id": "5620fc45d539ec78c686ae45",
    "instore_name": "Party",
    "display_name": "Party",
    "instore_id": "3",
    "sys_id": "56325a25a0143e2d402c27dd"
  },
  {
    "store_id": "564661e47fe72126853a3934",
    "instore_name": "Bar",
    "display_name": "Bar",
    "instore_id": "1",
    "sys_id": "5716977657324026cefb6120"
  },
  {
    "store_id": "564661e47fe72126853a3934",
    "instore_name": "Dining Room",
    "display_name": "Dining Room",
    "instore_id": "2",
    "sys_id": "5716977657324026cefb6121"
  },
  {
    "store_id": "564661e47fe72126853a3934",
    "instore_name": "Deli",
    "display_name": "Deli",
    "instore_id": "3",
    "sys_id": "5716977657324026cefb6122"
  }
]
