[
  {
    "store_id": "557605fc4c32e071180a4604",
    "instore_name": "FOOD",
    "display_name": "FOOD",
    "instore_id": "1",
    "sys_id": "55c4eaab4c32e025323345af"
  },
  {
    "store_id": "557605fc4c32e071180a4604",
    "instore_name": "LIQUOR",
    "display_name": "LIQUOR",
    "instore_id": "2",
    "sys_id": "55c4eaab4c32e025323345b0"
  },
  {
    "store_id": "557605fc4c32e071180a4604",
    "instore_name": "WINE",
    "display_name": "WINE",
    "instore_id": "3",
    "sys_id": "55c4eaab4c32e025323345b1"
  },
  {
    "store_id": "557605fc4c32e071180a4604",
    "instore_name": "BEER",
    "display_name": "BEER",
    "instore_id": "4",
    "sys_id": "55c4eaab4c32e025323345b2"
  },
  {
    "store_id": "557605fc4c32e071180a4604",
    "instore_name": "Retail",
    "display_name": "Retail",
    "instore_id": "106",
    "sys_id": "55c4eaab4c32e025323345b3"
  },
  {
    "store_id": "557605fc4c32e071180a4604",
    "instore_name": "BAR MISC",
    "display_name": "BAR MISC",
    "instore_id": "5",
    "sys_id": "55c4eaab4c32e025323345b4"
  },
  {
    "store_id": "557605fc4c32e071180a4604",
    "instore_name": "FOOD",
    "display_name": "FOOD",
    "instore_id": "1",
    "sys_id": "55d7ef2adffa2e623b507ae6"
  },
  {
    "store_id": "557605fc4c32e071180a4604",
    "instore_name": "LIQUOR",
    "display_name": "LIQUOR",
    "instore_id": "2",
    "sys_id": "55d7ef2adffa2e623b507ae7"
  },
  {
    "store_id": "557605fc4c32e071180a4604",
    "instore_name": "WINE",
    "display_name": "WINE",
    "instore_id": "3",
    "sys_id": "55d7ef2adffa2e623b507ae8"
  },
  {
    "store_id": "557605fc4c32e071180a4604",
    "instore_name": "BEER",
    "display_name": "BEER",
    "instore_id": "4",
    "sys_id": "55d7ef2adffa2e623b507ae9"
  },
  {
    "store_id": "557605fc4c32e071180a4604",
    "instore_name": "Retail",
    "display_name": "Retail",
    "instore_id": "106",
    "sys_id": "55d7ef2adffa2e623b507aea"
  },
  {
    "store_id": "557605fc4c32e071180a4604",
    "instore_name": "BAR MISC",
    "display_name": "BAR MISC",
    "instore_id": "5",
    "sys_id": "55d7ef2adffa2e623b507aeb"
  },
  {
    "store_id": "557605fc4c32e071180a4604",
    "instore_name": "FOOD",
    "display_name": "FOOD",
    "instore_id": "1",
    "sys_id": "55fbc009dffa2e3d910286a0"
  },
  {
    "store_id": "557605fc4c32e071180a4604",
    "instore_name": "WINE",
    "display_name": "WINE",
    "instore_id": "3",
    "sys_id": "55fbc009dffa2e3d910286a1"
  },
  {
    "store_id": "557605fc4c32e071180a4604",
    "instore_name": "LIQUOR",
    "display_name": "LIQUOR",
    "instore_id": "2",
    "sys_id": "55fbc009dffa2e3d910286a2"
  },
  {
    "store_id": "557605fc4c32e071180a4604",
    "instore_name": "BEER",
    "display_name": "BEER",
    "instore_id": "4",
    "sys_id": "55fbc009dffa2e3d910286a3"
  },
  {
    "store_id": "557605fc4c32e071180a4604",
    "instore_name": "BAR MISC",
    "display_name": "BAR MISC",
    "instore_id": "5",
    "sys_id": "55fbc009dffa2e3d910286a4"
  },
  {
    "store_id": "557605fc4c32e071180a4604",
    "instore_name": "Retail",
    "display_name": "Retail",
    "instore_id": "106",
    "sys_id": "55fbc009dffa2e3d910286a5"
  },
  {
    "store_id": "5620fc45d539ec78c686ae45",
    "instore_name": "ALL",
    "display_name": "ALL",
    "instore_id": "1",
    "sys_id": "56325714c28eda069d106990"
  },
  {
    "store_id": "5620fc45d539ec78c686ae45",
    "instore_name": "FOOD",
    "display_name": "FOOD",
    "instore_id": "2",
    "sys_id": "56325714c28eda069d106991"
  },
  {
    "store_id": "5620fc45d539ec78c686ae45",
    "instore_name": "LIQUOR",
    "display_name": "LIQUOR",
    "instore_id": "3",
    "sys_id": "56325714c28eda069d106992"
  },
  {
    "store_id": "5620fc45d539ec78c686ae45",
    "instore_name": "BEER",
    "display_name": "BEER",
    "instore_id": "4",
    "sys_id": "56325714c28eda069d106993"
  },
  {
    "store_id": "5620fc45d539ec78c686ae45",
    "instore_name": "WINE",
    "display_name": "WINE",
    "instore_id": "5",
    "sys_id": "56325714c28eda069d106994"
  },
  {
    "store_id": "5620fc45d539ec78c686ae45",
    "instore_name": "BARS MISC.",
    "display_name": "BARS MISC.",
    "instore_id": "8",
    "sys_id": "56325714c28eda069d106996"
  },
  {
    "store_id": "5620fc45d539ec78c686ae45",
    "instore_name": "ROOM RENT",
    "display_name": "ROOM RENT",
    "instore_id": "9",
    "sys_id": "56325714c28eda069d106997"
  },
  {
    "store_id": "564661e47fe72126853a3934",
    "instore_name": "FOOD",
    "display_name": "FOOD",
    "instore_id": "3",
    "sys_id": "5716977645fed51ab4b1c415"
  },
  {
    "store_id": "564661e47fe72126853a3934",
    "instore_name": "Valentines Day",
    "display_name": "Valentines Day",
    "instore_id": "4",
    "sys_id": "5716977645fed51ab4b1c416"
  },
  {
    "store_id": "5620fc45d539ec78c686ae45",
    "instore_name": "RETAIL",
    "display_name": "RETAIL",
    "instore_id": "10",
    "sys_id": "56325714c28eda069d106998"
  },
  {
    "store_id": "5620fc45d539ec78c686ae45",
    "instore_name": "Gift Card",
    "display_name": "Gift Card",
    "instore_id": "11",
    "sys_id": "56325714c28eda069d106999"
  },
  {
    "store_id": "5620fc45d539ec78c686ae45",
    "instore_name": "Dessert",
    "display_name": "Dessert",
    "instore_id": "12",
    "sys_id": "563257154c32e039da1fddc8"
  },
  {
    "store_id": "5620fc45d539ec78c686ae45",
    "instore_name": "GC Sold",
    "display_name": "GC Sold",
    "instore_id": "50",
    "sys_id": "563257154c32e039da1fddc9"
  },
  {
    "store_id": "5620fc45d539ec78c686ae45",
    "instore_name": "SUGGESTIVE",
    "display_name": "SUGGESTIVE",
    "instore_id": "12760",
    "sys_id": "563257154c32e039da1fddca"
  },
  {
    "store_id": "557605fc4c32e071180a4604",
    "instore_name": "Req Drink",
    "display_name": "Req Drink",
    "instore_id": "12",
    "sys_id": "56344d364c32e06f7c57b4bf"
  },
  {
    "store_id": "557605fc4c32e071180a4604",
    "instore_name": "All Items",
    "display_name": "All Items",
    "instore_id": "35",
    "sys_id": "56344d364c32e06f7c57b4c0"
  },
  {
    "store_id": "557605fc4c32e071180a4604",
    "instore_name": "All Food",
    "display_name": "All Food",
    "instore_id": "36",
    "sys_id": "56344d364c32e06f7c57b4c1"
  },
  {
    "store_id": "557605fc4c32e071180a4604",
    "instore_name": "Blinking",
    "display_name": "Blinking",
    "instore_id": "37",
    "sys_id": "56344d364c32e06f7c57b4c2"
  },
  {
    "store_id": "557605fc4c32e071180a4604",
    "instore_name": "desserts",
    "display_name": "desserts",
    "instore_id": "45",
    "sys_id": "56344d364c32e06f7c57b4c3"
  },
  {
    "store_id": "557605fc4c32e071180a4604",
    "instore_name": "*Apps",
    "display_name": "*Apps",
    "instore_id": "50",
    "sys_id": "56344d364c32e06f7c57b4c4"
  },
  {
    "store_id": "557605fc4c32e071180a4604",
    "instore_name": "*Soup/Salad",
    "display_name": "*Soup/Salad",
    "instore_id": "55",
    "sys_id": "56344d364c32e06f7c57b4c5"
  },
  {
    "store_id": "557605fc4c32e071180a4604",
    "instore_name": "*Sandwiches",
    "display_name": "*Sandwiches",
    "instore_id": "60",
    "sys_id": "56344d364c32e06f7c57b4c6"
  },
  {
    "store_id": "557605fc4c32e071180a4604",
    "instore_name": "*Entrees",
    "display_name": "*Entrees",
    "instore_id": "65",
    "sys_id": "56344d364c32e06f7c57b4c7"
  },
  {
    "store_id": "557605fc4c32e071180a4604",
    "instore_name": "*Sides",
    "display_name": "*Sides",
    "instore_id": "70",
    "sys_id": "56344d364c32e06f7c57b4c8"
  },
  {
    "store_id": "557605fc4c32e071180a4604",
    "instore_name": "*Desserts",
    "display_name": "*Desserts",
    "instore_id": "75",
    "sys_id": "56344d36dffa2e73f8c7cf50"
  },
  {
    "store_id": "557605fc4c32e071180a4604",
    "instore_name": "*Kids",
    "display_name": "*Kids",
    "instore_id": "80",
    "sys_id": "56344d36dffa2e73f8c7cf51"
  },
  {
    "store_id": "557605fc4c32e071180a4604",
    "instore_name": "*Food Modifiers",
    "display_name": "*Food Modifiers",
    "instore_id": "85",
    "sys_id": "56344d36dffa2e73f8c7cf52"
  },
  {
    "store_id": "557605fc4c32e071180a4604",
    "instore_name": "*Liquor & Cocktails",
    "display_name": "*Liquor & Cocktails",
    "instore_id": "90",
    "sys_id": "56344d36dffa2e73f8c7cf53"
  },
  {
    "store_id": "557605fc4c32e071180a4604",
    "instore_name": "*Wine",
    "display_name": "*Wine",
    "instore_id": "95",
    "sys_id": "56344d36dffa2e73f8c7cf54"
  },
  {
    "store_id": "557605fc4c32e071180a4604",
    "instore_name": "Tap Beer / Pitchers",
    "display_name": "Tap Beer / Pitchers",
    "instore_id": "99",
    "sys_id": "56344d36dffa2e73f8c7cf55"
  },
  {
    "store_id": "557605fc4c32e071180a4604",
    "instore_name": "*Beer",
    "display_name": "*Beer",
    "instore_id": "100",
    "sys_id": "56344d36dffa2e73f8c7cf56"
  },
  {
    "store_id": "557605fc4c32e071180a4604",
    "instore_name": "*NA Beverages",
    "display_name": "*NA Beverages",
    "instore_id": "105",
    "sys_id": "56344d36dffa2e73f8c7cf57"
  },
  {
    "store_id": "557605fc4c32e071180a4604",
    "instore_name": "AS APP",
    "display_name": "AS APP",
    "instore_id": "107",
    "sys_id": "56344d36dffa2e73f8c7cf58"
  },
  {
    "store_id": "557605fc4c32e071180a4604",
    "instore_name": "GC Sold",
    "display_name": "GC Sold",
    "instore_id": "500",
    "sys_id": "56344d36dffa2e73f8c7cf59"
  },
  {
    "store_id": "557605fc4c32e071180a4604",
    "instore_name": "Malts & Shakes",
    "display_name": "Malts & Shakes",
    "instore_id": "6",
    "sys_id": "56a707c4331dea479c31c9ae"
  },
  {
    "store_id": "564661e47fe72126853a3934",
    "instore_name": "BEER",
    "display_name": "BEER",
    "instore_id": "5",
    "sys_id": "5716977645fed51ab4b1c417"
  },
  {
    "store_id": "564661e47fe72126853a3934",
    "instore_name": "WINES",
    "display_name": "WINES",
    "instore_id": "6",
    "sys_id": "5716977645fed51ab4b1c418"
  },
  {
    "store_id": "564661e47fe72126853a3934",
    "instore_name": "BAR MISC.",
    "display_name": "BAR MISC.",
    "instore_id": "7",
    "sys_id": "5716977645fed51ab4b1c419"
  },
  {
    "store_id": "564661e47fe72126853a3934",
    "instore_name": "Hot Drinks",
    "display_name": "Hot Drinks",
    "instore_id": "8",
    "sys_id": "5716977645fed51ab4b1c41a"
  },
  {
    "store_id": "564661e47fe72126853a3934",
    "instore_name": "Desserts",
    "display_name": "Desserts",
    "instore_id": "9",
    "sys_id": "5716977645fed51ab4b1c41b"
  },
  {
    "store_id": "564661e47fe72126853a3934",
    "instore_name": "Gift Card",
    "display_name": "Gift Card",
    "instore_id": "10",
    "sys_id": "5716977645fed51ab4b1c41c"
  },
  {
    "store_id": "564661e47fe72126853a3934",
    "instore_name": "WINE RETAIL",
    "display_name": "WINE RETAIL",
    "instore_id": "12",
    "sys_id": "5716977645fed51ab4b1c41d"
  },
  {
    "store_id": "564661e47fe72126853a3934",
    "instore_name": "St Bernardus",
    "display_name": "St Bernardus",
    "instore_id": "13",
    "sys_id": "5716977645fed51ab4b1c41e"
  },
  {
    "store_id": "564661e47fe72126853a3934",
    "instore_name": "ALL ITEMS",
    "display_name": "ALL ITEMS",
    "instore_id": "30",
    "sys_id": "5716977645fed51ab4b1c41f"
  }
]
