[
  {
    "quantity": 1,
    "order_id": "2097215",
    "order_number": 20003,
    "store_id": "557605fc4c32e071180a4604",
    "business_day": "2015-08-07",
    "net_total": {
      "value": 295,
      "code": "USD",
      "scale": 2
    },
    "timestamp": "2015-08-07T16:50:00.000Z",
    "transaction_id": "55c506f0a0143e4905285a12",
    "tax_id": "",
    "tax_exempt": true,
    "sales_category": {
      "id": "5",
      "name": "BAR MISC"
    },
    "sys_version": 1,
    "sys_created_at": "2015-08-07T19:28:48.919Z",
    "sys_created_by": "admin__bracco",
    "sys_id": "55c506f1da31494548f4ae52"
  },
  {
    "quantity": 1,
    "order_id": "2097222",
    "order_number": 20003,
    "store_id": "557605fc4c32e071180a4604",
    "business_day": "2015-08-07",
    "net_total": {
      "value": 1175,
      "code": "USD",
      "scale": 2
    },
    "timestamp": "2015-08-07T16:54:00.000Z",
    "transaction_id": "55c506f0a0143e4905285a12",
    "tax_id": "",
    "tax_exempt": true,
    "sales_category": {
      "id": "1",
      "name": "FOOD"
    },
    "sys_version": 1,
    "sys_created_at": "2015-08-07T19:28:48.944Z",
    "sys_created_by": "admin__bracco",
    "sys_id": "55c506f1da31494548f4ae53"
  },
  {
    "quantity": 1,
    "order_id": "4194306",
    "order_number": 40001,
    "store_id": "557605fc4c32e071180a4604",
    "business_day": "2015-08-07",
    "net_total": {
      "value": 150,
      "code": "USD",
      "scale": 2
    },
    "timestamp": "2015-08-07T16:50:00.000Z",
    "transaction_id": "55c506f0a0143e4905285a23",
    "tax_id": "",
    "tax_exempt": true,
    "sales_category": {
      "id": "1",
      "name": "FOOD"
    },
    "sys_version": 1,
    "sys_created_at": "2015-08-07T19:28:48.959Z",
    "sys_created_by": "admin__bracco",
    "sys_id": "55c506f1da31494548f4ae54"
  },
  {
    "quantity": 1,
    "order_id": "3146084",
    "order_number": 20005,
    "store_id": "557605fc4c32e071180a4604",
    "business_day": "2015-08-07",
    "net_total": {
      "value": 525,
      "code": "USD",
      "scale": 2
    },
    "timestamp": "2015-08-07T17:25:00.000Z",
    "transaction_id": "55c506f0a0143e4905285a14",
    "tax_id": "",
    "tax_exempt": true,
    "sales_category": {
      "id": "1",
      "name": "FOOD"
    },
    "sys_version": 1,
    "sys_created_at": "2015-08-07T19:28:49.013Z",
    "sys_created_by": "admin__bracco",
    "sys_id": "55c506f1da31494548f4ae55"
  },
  {
    "quantity": 1,
    "order_id": "3146085",
    "order_number": 20005,
    "store_id": "557605fc4c32e071180a4604",
    "business_day": "2015-08-07",
    "net_total": {
      "value": 75,
      "code": "USD",
      "scale": 2
    },
    "timestamp": "2015-08-07T17:25:00.000Z",
    "transaction_id": "55c506f0a0143e4905285a14",
    "tax_id": "",
    "tax_exempt": true,
    "sales_category": {
      "id": "1",
      "name": "FOOD"
    },
    "sys_version": 1,
    "sys_created_at": "2015-08-07T19:28:49.027Z",
    "sys_created_by": "admin__bracco",
    "sys_id": "55c506f1da31494548f4ae56"
  },
  {
    "quantity": 1,
    "order_id": "3146086",
    "order_number": 20005,
    "store_id": "557605fc4c32e071180a4604",
    "business_day": "2015-08-07",
    "net_total": {
      "value": 0,
      "code": "USD",
      "scale": 2
    },
    "timestamp": "2015-08-07T17:25:00.000Z",
    "transaction_id": "55c506f0a0143e4905285a14",
    "tax_id": "",
    "tax_exempt": true,
    "sales_category": {
      "id": "1",
      "name": "FOOD"
    },
    "sys_version": 1,
    "sys_created_at": "2015-08-07T19:28:49.047Z",
    "sys_created_by": "admin__bracco",
    "sys_id": "55c506f1da31494548f4ae57"
  },
  {
    "quantity": 1,
    "order_id": "3146087",
    "order_number": 20005,
    "store_id": "557605fc4c32e071180a4604",
    "business_day": "2015-08-07",
    "net_total": {
      "value": 625,
      "code": "USD",
      "scale": 2
    },
    "timestamp": "2015-08-07T17:25:00.000Z",
    "transaction_id": "55c506f0a0143e4905285a14",
    "tax_id": "",
    "tax_exempt": true,
    "sales_category": {
      "id": "1",
      "name": "FOOD"
    },
    "sys_version": 1,
    "sys_created_at": "2015-08-07T19:28:49.058Z",
    "sys_created_by": "admin__bracco",
    "sys_id": "55c506f1da31494548f4ae58"
  },
  {
    "quantity": 1,
    "order_id": "3146088",
    "order_number": 20005,
    "store_id": "557605fc4c32e071180a4604",
    "business_day": "2015-08-07",
    "net_total": {
      "value": 0,
      "code": "USD",
      "scale": 2
    },
    "timestamp": "2015-08-07T17:25:00.000Z",
    "transaction_id": "55c506f0a0143e4905285a14",
    "tax_id": "",
    "tax_exempt": true,
    "sales_category": {
      "id": "1",
      "name": "FOOD"
    },
    "sys_version": 1,
    "sys_created_at": "2015-08-07T19:28:49.070Z",
    "sys_created_by": "admin__bracco",
    "sys_id": "55c506f1da31494548f4ae59"
  },
  {
    "quantity": 1,
    "order_id": "3146048",
    "order_number": 30008,
    "store_id": "557605fc4c32e071180a4604",
    "business_day": "2015-08-07",
    "net_total": {
      "value": 825,
      "code": "USD",
      "scale": 2
    },
    "timestamp": "2015-08-07T17:13:00.000Z",
    "transaction_id": "55c506f0a0143e4905285a20",
    "tax_id": "",
    "tax_exempt": true,
    "sales_category": {
      "id": "1",
      "name": "FOOD"
    },
    "sys_version": 1,
    "sys_created_at": "2015-08-07T19:28:49.099Z",
    "sys_created_by": "admin__bracco",
    "sys_id": "55c506f1da31494548f4ae5a"
  },
  {
    "quantity": 1,
    "order_id": "3146049",
    "order_number": 30008,
    "store_id": "557605fc4c32e071180a4604",
    "business_day": "2015-08-07",
    "net_total": {
      "value": 225,
      "code": "USD",
      "scale": 2
    },
    "timestamp": "2015-08-07T17:13:00.000Z",
    "transaction_id": "55c506f0a0143e4905285a20",
    "tax_id": "",
    "tax_exempt": true,
    "sales_category": {
      "id": "1",
      "name": "FOOD"
    },
    "sys_version": 1,
    "sys_created_at": "2015-08-07T19:28:49.109Z",
    "sys_created_by": "admin__bracco",
    "sys_id": "55c506f1da31494548f4ae5b"
  },
  {
    "quantity": 1,
    "order_id": "3146058",
    "order_number": 30009,
    "store_id": "557605fc4c32e071180a4604",
    "business_day": "2015-08-07",
    "net_total": {
      "value": 0,
      "code": "USD",
      "scale": 2
    },
    "timestamp": "2015-08-07T17:20:00.000Z",
    "transaction_id": "55c506f0a0143e4905285a21",
    "tax_id": "",
    "tax_exempt": true,
    "sales_category": {
      "id": "1",
      "name": "FOOD"
    },
    "sys_version": 1,
    "sys_created_at": "2015-08-07T19:28:49.132Z",
    "sys_created_by": "admin__bracco",
    "sys_id": "55c506f1da31494548f4ae5c"
  },
  {
    "quantity": 1,
    "order_id": "3146057",
    "order_number": 30009,
    "store_id": "557605fc4c32e071180a4604",
    "business_day": "2015-08-07",
    "net_total": {
      "value": 650,
      "code": "USD",
      "scale": 2
    },
    "timestamp": "2015-08-07T17:20:00.000Z",
    "transaction_id": "55c506f0a0143e4905285a21",
    "tax_id": "",
    "tax_exempt": true,
    "sales_category": {
      "id": "1",
      "name": "FOOD"
    },
    "sys_version": 1,
    "sys_created_at": "2015-08-07T19:28:49.151Z",
    "sys_created_by": "admin__bracco",
    "sys_id": "55c506f1da31494548f4ae5d"
  },
  {
    "quantity": 1,
    "order_id": "3146059",
    "order_number": 30009,
    "store_id": "557605fc4c32e071180a4604",
    "business_day": "2015-08-07",
    "net_total": {
      "value": 525,
      "code": "USD",
      "scale": 2
    },
    "timestamp": "2015-08-07T17:20:00.000Z",
    "transaction_id": "55c506f0a0143e4905285a21",
    "tax_id": "",
    "tax_exempt": true,
    "sales_category": {
      "id": "1",
      "name": "FOOD"
    },
    "sys_version": 1,
    "sys_created_at": "2015-08-07T19:28:49.161Z",
    "sys_created_by": "admin__bracco",
    "sys_id": "55c506f1da31494548f4ae5e"
  },
  {
    "quantity": 1,
    "order_id": "3146060",
    "order_number": 30009,
    "store_id": "557605fc4c32e071180a4604",
    "business_day": "2015-08-07",
    "net_total": {
      "value": 75,
      "code": "USD",
      "scale": 2
    },
    "timestamp": "2015-08-07T17:20:00.000Z",
    "transaction_id": "55c506f0a0143e4905285a21",
    "tax_id": "",
    "tax_exempt": true,
    "sales_category": {
      "id": "1",
      "name": "FOOD"
    },
    "sys_version": 1,
    "sys_created_at": "2015-08-07T19:28:49.171Z",
    "sys_created_by": "admin__bracco",
    "sys_id": "55c506f1da31494548f4ae5f"
  },
  {
    "quantity": 1,
    "order_id": "3146061",
    "order_number": 30009,
    "store_id": "557605fc4c32e071180a4604",
    "business_day": "2015-08-07",
    "net_total": {
      "value": 75,
      "code": "USD",
      "scale": 2
    },
    "timestamp": "2015-08-07T17:20:00.000Z",
    "transaction_id": "55c506f0a0143e4905285a21",
    "tax_id": "",
    "tax_exempt": true,
    "sales_category": {
      "id": "1",
      "name": "FOOD"
    },
    "sys_version": 1,
    "sys_created_at": "2015-08-07T19:28:49.181Z",
    "sys_created_by": "admin__bracco",
    "sys_id": "55c506f1da31494548f4ae60"
  },
  {
    "quantity": 1,
    "order_id": "3146062",
    "order_number": 30009,
    "store_id": "557605fc4c32e071180a4604",
    "business_day": "2015-08-07",
    "net_total": {
      "value": 0,
      "code": "USD",
      "scale": 2
    },
    "timestamp": "2015-08-07T17:20:00.000Z",
    "transaction_id": "55c506f0a0143e4905285a21",
    "tax_id": "",
    "tax_exempt": true,
    "sales_category": {
      "id": "1",
      "name": "FOOD"
    },
    "sys_version": 1,
    "sys_created_at": "2015-08-07T19:28:49.198Z",
    "sys_created_by": "admin__bracco",
    "sys_id": "55c506f1da31494548f4ae61"
  },
  {
    "quantity": 1,
    "order_id": "3146063",
    "order_number": 30009,
    "store_id": "557605fc4c32e071180a4604",
    "business_day": "2015-08-07",
    "net_total": {
      "value": 225,
      "code": "USD",
      "scale": 2
    },
    "timestamp": "2015-08-07T17:20:00.000Z",
    "transaction_id": "55c506f0a0143e4905285a21",
    "tax_id": "",
    "tax_exempt": true,
    "sales_category": {
      "id": "1",
      "name": "FOOD"
    },
    "sys_version": 1,
    "sys_created_at": "2015-08-07T19:28:49.208Z",
    "sys_created_by": "admin__bracco",
    "sys_id": "55c506f1da31494548f4ae62"
  },
  {
    "quantity": 1,
    "order_id": "3146064",
    "order_number": 30009,
    "store_id": "557605fc4c32e071180a4604",
    "business_day": "2015-08-07",
    "net_total": {
      "value": 525,
      "code": "USD",
      "scale": 2
    },
    "timestamp": "2015-08-07T17:20:00.000Z",
    "transaction_id": "55c506f0a0143e4905285a21",
    "tax_id": "",
    "tax_exempt": true,
    "sales_category": {
      "id": "1",
      "name": "FOOD"
    },
    "sys_version": 1,
    "sys_created_at": "2015-08-07T19:28:49.218Z",
    "sys_created_by": "admin__bracco",
    "sys_id": "55c506f1da31494548f4ae63"
  },
  {
    "quantity": 1,
    "order_id": "3146066",
    "order_number": 30009,
    "store_id": "557605fc4c32e071180a4604",
    "business_day": "2015-08-07",
    "net_total": {
      "value": 75,
      "code": "USD",
      "scale": 2
    },
    "timestamp": "2015-08-07T17:20:00.000Z",
    "transaction_id": "55c506f0a0143e4905285a21",
    "tax_id": "",
    "tax_exempt": true,
    "sales_category": {
      "id": "1",
      "name": "FOOD"
    },
    "sys_version": 1,
    "sys_created_at": "2015-08-07T19:28:49.229Z",
    "sys_created_by": "admin__bracco",
    "sys_id": "55c506f1da31494548f4ae64"
  },
  {
    "quantity": 1,
    "order_id": "3146065",
    "order_number": 30009,
    "store_id": "557605fc4c32e071180a4604",
    "business_day": "2015-08-07",
    "net_total": {
      "value": 0,
      "code": "USD",
      "scale": 2
    },
    "timestamp": "2015-08-07T17:20:00.000Z",
    "transaction_id": "55c506f0a0143e4905285a21",
    "tax_id": "",
    "tax_exempt": true,
    "sales_category": {
      "id": "1",
      "name": "FOOD"
    },
    "sys_version": 1,
    "sys_created_at": "2015-08-07T19:28:49.242Z",
    "sys_created_by": "admin__bracco",
    "sys_id": "55c506f1da31494548f4ae65"
  },
  {
    "quantity": 1,
    "order_id": "3146067",
    "order_number": 30009,
    "store_id": "557605fc4c32e071180a4604",
    "business_day": "2015-08-07",
    "net_total": {
      "value": 75,
      "code": "USD",
      "scale": 2
    },
    "timestamp": "2015-08-07T17:20:00.000Z",
    "transaction_id": "55c506f0a0143e4905285a21",
    "tax_id": "",
    "tax_exempt": true,
    "sales_category": {
      "id": "1",
      "name": "FOOD"
    },
    "sys_version": 1,
    "sys_created_at": "2015-08-07T19:28:49.254Z",
    "sys_created_by": "admin__bracco",
    "sys_id": "55c506f1da31494548f4ae66"
  },
  {
    "quantity": 1,
    "order_id": "3146068",
    "order_number": 30009,
    "store_id": "557605fc4c32e071180a4604",
    "business_day": "2015-08-07",
    "net_total": {
      "value": 225,
      "code": "USD",
      "scale": 2
    },
    "timestamp": "2015-08-07T17:20:00.000Z",
    "transaction_id": "55c506f0a0143e4905285a21",
    "tax_id": "",
    "tax_exempt": true,
    "sales_category": {
      "id": "1",
      "name": "FOOD"
    },
    "sys_version": 1,
    "sys_created_at": "2015-08-07T19:28:49.264Z",
    "sys_created_by": "admin__bracco",
    "sys_id": "55c506f1da31494548f4ae67"
  },
  {
    "quantity": 1,
    "order_id": "3146072",
    "order_number": 30010,
    "store_id": "557605fc4c32e071180a4604",
    "business_day": "2015-08-07",
    "net_total": {
      "value": 400,
      "code": "USD",
      "scale": 2
    },
    "timestamp": "2015-08-07T17:24:00.000Z",
    "transaction_id": "55c506f0a0143e4905285a22",
    "tax_id": "",
    "tax_exempt": true,
    "sales_category": {
      "id": "1",
      "name": "FOOD"
    },
    "sys_version": 1,
    "sys_created_at": "2015-08-07T19:28:49.274Z",
    "sys_created_by": "admin__bracco",
    "sys_id": "55c506f1da31494548f4ae68"
  },
  {
    "quantity": 1,
    "order_id": "3146071",
    "order_number": 30010,
    "store_id": "557605fc4c32e071180a4604",
    "business_day": "2015-08-07",
    "net_total": {
      "value": 895,
      "code": "USD",
      "scale": 2
    },
    "timestamp": "2015-08-07T17:24:00.000Z",
    "transaction_id": "55c506f0a0143e4905285a22",
    "tax_id": "",
    "tax_exempt": true,
    "sales_category": {
      "id": "1",
      "name": "FOOD"
    },
    "sys_version": 1,
    "sys_created_at": "2015-08-07T19:28:49.284Z",
    "sys_created_by": "admin__bracco",
    "sys_id": "55c506f1da31494548f4ae69"
  },
  {
    "quantity": 1,
    "order_id": "4194309",
    "order_number": 40002,
    "store_id": "557605fc4c32e071180a4604",
    "business_day": "2015-08-07",
    "net_total": {
      "value": 375,
      "code": "USD",
      "scale": 2
    },
    "timestamp": "2015-08-07T16:54:00.000Z",
    "transaction_id": "55c506f0a0143e4905285a24",
    "tax_id": "",
    "tax_exempt": true,
    "sales_category": {
      "id": "1",
      "name": "FOOD"
    },
    "sys_version": 1,
    "sys_created_at": "2015-08-07T19:28:49.294Z",
    "sys_created_by": "admin__bracco",
    "sys_id": "55c506f1da31494548f4ae6a"
  },
  {
    "quantity": 1,
    "order_id": "4194310",
    "order_number": 40002,
    "store_id": "557605fc4c32e071180a4604",
    "business_day": "2015-08-07",
    "net_total": {
      "value": 300,
      "code": "USD",
      "scale": 2
    },
    "timestamp": "2015-08-07T16:54:00.000Z",
    "transaction_id": "55c506f0a0143e4905285a24",
    "tax_id": "",
    "tax_exempt": true,
    "sales_category": {
      "id": "1",
      "name": "FOOD"
    },
    "sys_version": 1,
    "sys_created_at": "2015-08-07T19:28:49.305Z",
    "sys_created_by": "admin__bracco",
    "sys_id": "55c506f1da31494548f4ae6b"
  },
  {
    "quantity": 1,
    "order_id": "4194312",
    "order_number": 40002,
    "store_id": "557605fc4c32e071180a4604",
    "business_day": "2015-08-07",
    "net_total": {
      "value": 75,
      "code": "USD",
      "scale": 2
    },
    "timestamp": "2015-08-07T16:54:00.000Z",
    "transaction_id": "55c506f0a0143e4905285a24",
    "tax_id": "",
    "tax_exempt": true,
    "sales_category": {
      "id": "1",
      "name": "FOOD"
    },
    "sys_version": 1,
    "sys_created_at": "2015-08-07T19:28:49.315Z",
    "sys_created_by": "admin__bracco",
    "sys_id": "55c506f1da31494548f4ae6c"
  },
  {
    "quantity": 1,
    "order_id": "4194311",
    "order_number": 40002,
    "store_id": "557605fc4c32e071180a4604",
    "business_day": "2015-08-07",
    "net_total": {
      "value": 525,
      "code": "USD",
      "scale": 2
    },
    "timestamp": "2015-08-07T16:54:00.000Z",
    "transaction_id": "55c506f0a0143e4905285a24",
    "tax_id": "",
    "tax_exempt": true,
    "sales_category": {
      "id": "1",
      "name": "FOOD"
    },
    "sys_version": 1,
    "sys_created_at": "2015-08-07T19:28:49.326Z",
    "sys_created_by": "admin__bracco",
    "sys_id": "55c506f1da31494548f4ae6d"
  },
  {
    "quantity": 1,
    "order_id": "4194313",
    "order_number": 40002,
    "store_id": "557605fc4c32e071180a4604",
    "business_day": "2015-08-07",
    "net_total": {
      "value": 225,
      "code": "USD",
      "scale": 2
    },
    "timestamp": "2015-08-07T16:54:00.000Z",
    "transaction_id": "55c506f0a0143e4905285a24",
    "tax_id": "",
    "tax_exempt": true,
    "sales_category": {
      "id": "1",
      "name": "FOOD"
    },
    "sys_version": 1,
    "sys_created_at": "2015-08-07T19:28:49.336Z",
    "sys_created_by": "admin__bracco",
    "sys_id": "55c506f1da31494548f4ae6e"
  },
  {
    "quantity": 1,
    "order_id": "4194316",
    "order_number": 40002,
    "store_id": "557605fc4c32e071180a4604",
    "business_day": "2015-08-07",
    "net_total": {
      "value": 295,
      "code": "USD",
      "scale": 2
    },
    "timestamp": "2015-08-07T16:55:00.000Z",
    "transaction_id": "55c506f0a0143e4905285a24",
    "tax_id": "",
    "tax_exempt": true,
    "sales_category": {
      "id": "5",
      "name": "BAR MISC"
    },
    "sys_version": 1,
    "sys_created_at": "2015-08-07T19:28:49.348Z",
    "sys_created_by": "admin__bracco",
    "sys_id": "55c506f1da31494548f4ae6f"
  },
  {
    "quantity": 1,
    "order_id": "2097228",
    "order_number": 20004,
    "store_id": "557605fc4c32e071180a4604",
    "business_day": "2015-08-07",
    "net_total": {
      "value": 350,
      "code": "USD",
      "scale": 2
    },
    "timestamp": "2015-08-07T16:58:00.000Z",
    "transaction_id": "55c506f0a0143e4905285a13",
    "tax_id": "",
    "tax_exempt": true,
    "sales_category": {
      "id": "4",
      "name": "BEER"
    },
    "sys_version": 1,
    "sys_created_at": "2015-08-07T19:28:49.358Z",
    "sys_created_by": "admin__bracco",
    "sys_id": "55c506f1da31494548f4ae70"
  },
  {
    "quantity": 1,
    "order_id": "4194467",
    "order_number": 20004,
    "store_id": "557605fc4c32e071180a4604",
    "business_day": "2015-08-07",
    "net_total": {
      "value": 350,
      "code": "USD",
      "scale": 2
    },
    "timestamp": "2015-08-07T16:52:00.000Z",
    "transaction_id": "55c506f0a0143e4905285a13",
    "tax_id": "",
    "tax_exempt": true,
    "sales_category": {
      "id": "4",
      "name": "BEER"
    },
    "sys_version": 1,
    "sys_created_at": "2015-08-07T19:28:49.368Z",
    "sys_created_by": "admin__bracco",
    "sys_id": "55c506f1da31494548f4ae71"
  },
  {
    "quantity": 1,
    "order_id": "2097229",
    "order_number": 20004,
    "store_id": "557605fc4c32e071180a4604",
    "business_day": "2015-08-07",
    "net_total": {
      "value": 0,
      "code": "USD",
      "scale": 2
    },
    "timestamp": "2015-08-07T16:58:00.000Z",
    "transaction_id": "55c506f0a0143e4905285a13",
    "tax_id": "",
    "tax_exempt": true,
    "sales_category": {
      "id": "2",
      "name": "LIQUOR"
    },
    "sys_version": 1,
    "sys_created_at": "2015-08-07T19:28:49.387Z",
    "sys_created_by": "admin__bracco",
    "sys_id": "55c506f1da31494548f4ae72"
  },
  {
    "quantity": 1,
    "order_id": "4194329",
    "order_number": 20004,
    "store_id": "557605fc4c32e071180a4604",
    "business_day": "2015-08-07",
    "net_total": {
      "value": 895,
      "code": "USD",
      "scale": 2
    },
    "timestamp": "2015-08-07T17:09:00.000Z",
    "transaction_id": "55c506f0a0143e4905285a13",
    "tax_id": "",
    "tax_exempt": true,
    "sales_category": {
      "id": "1",
      "name": "FOOD"
    },
    "sys_version": 1,
    "sys_created_at": "2015-08-07T19:28:49.399Z",
    "sys_created_by": "admin__bracco",
    "sys_id": "55c506f1da31494548f4ae73"
  },
  {
    "quantity": 1,
    "order_id": "4194331",
    "order_number": 20004,
    "store_id": "557605fc4c32e071180a4604",
    "business_day": "2015-08-07",
    "net_total": {
      "value": 650,
      "code": "USD",
      "scale": 2
    },
    "timestamp": "2015-08-07T17:09:00.000Z",
    "transaction_id": "55c506f0a0143e4905285a13",
    "tax_id": "",
    "tax_exempt": true,
    "sales_category": {
      "id": "1",
      "name": "FOOD"
    },
    "sys_version": 1,
    "sys_created_at": "2015-08-07T19:28:49.409Z",
    "sys_created_by": "admin__bracco",
    "sys_id": "55c506f1da31494548f4ae74"
  },
  {
    "quantity": 1,
    "order_id": "4194330",
    "order_number": 20004,
    "store_id": "557605fc4c32e071180a4604",
    "business_day": "2015-08-07",
    "net_total": {
      "value": 0,
      "code": "USD",
      "scale": 2
    },
    "timestamp": "2015-08-07T17:09:00.000Z",
    "transaction_id": "55c506f0a0143e4905285a13",
    "tax_id": "",
    "tax_exempt": true,
    "sales_category": {
      "id": "1",
      "name": "FOOD"
    },
    "sys_version": 1,
    "sys_created_at": "2015-08-07T19:28:49.420Z",
    "sys_created_by": "admin__bracco",
    "sys_id": "55c506f1da31494548f4ae75"
  },
  {
    "quantity": 1,
    "order_id": "4194332",
    "order_number": 20004,
    "store_id": "557605fc4c32e071180a4604",
    "business_day": "2015-08-07",
    "net_total": {
      "value": 0,
      "code": "USD",
      "scale": 2
    },
    "timestamp": "2015-08-07T17:09:00.000Z",
    "transaction_id": "55c506f0a0143e4905285a13",
    "tax_id": "",
    "tax_exempt": true,
    "sales_category": {
      "id": "1",
      "name": "FOOD"
    },
    "sys_version": 1,
    "sys_created_at": "2015-08-07T19:28:49.432Z",
    "sys_created_by": "admin__bracco",
    "sys_id": "55c506f1da31494548f4ae76"
  },
  {
    "quantity": 1,
    "order_id": "4194324",
    "order_number": 40003,
    "store_id": "557605fc4c32e071180a4604",
    "business_day": "2015-08-07",
    "net_total": {
      "value": 750,
      "code": "USD",
      "scale": 2
    },
    "timestamp": "2015-08-07T17:08:00.000Z",
    "transaction_id": "55c506f0a0143e4905285a25",
    "tax_id": "",
    "tax_exempt": true,
    "sales_category": {
      "id": "1",
      "name": "FOOD"
    },
    "sys_version": 1,
    "sys_created_at": "2015-08-07T19:28:49.444Z",
    "sys_created_by": "admin__bracco",
    "sys_id": "55c506f1da31494548f4ae77"
  },
  {
    "quantity": 1,
    "order_id": "4194468",
    "order_number": 20004,
    "store_id": "557605fc4c32e071180a4604",
    "business_day": "2015-08-07",
    "net_total": {
      "value": 350,
      "code": "USD",
      "scale": 2
    },
    "timestamp": "2015-08-07T17:21:00.000Z",
    "transaction_id": "55c506f0a0143e4905285a13",
    "tax_id": "",
    "tax_exempt": true,
    "sales_category": {
      "id": "4",
      "name": "BEER"
    },
    "sys_version": 1,
    "sys_created_at": "2015-08-07T19:28:49.458Z",
    "sys_created_by": "admin__bracco",
    "sys_id": "55c506f1da31494548f4ae78"
  },
  {
    "quantity": 1,
    "order_id": "4194325",
    "order_number": 40003,
    "store_id": "557605fc4c32e071180a4604",
    "business_day": "2015-08-07",
    "net_total": {
      "value": 295,
      "code": "USD",
      "scale": 2
    },
    "timestamp": "2015-08-07T17:09:00.000Z",
    "transaction_id": "55c506f0a0143e4905285a25",
    "tax_id": "",
    "tax_exempt": true,
    "sales_category": {
      "id": "5",
      "name": "BAR MISC"
    },
    "sys_version": 1,
    "sys_created_at": "2015-08-07T19:28:49.469Z",
    "sys_created_by": "admin__bracco",
    "sys_id": "55c506f1da31494548f4ae79"
  },
  {
    "quantity": 1,
    "order_id": "4194326",
    "order_number": 40003,
    "store_id": "557605fc4c32e071180a4604",
    "business_day": "2015-08-07",
    "net_total": {
      "value": 275,
      "code": "USD",
      "scale": 2
    },
    "timestamp": "2015-08-07T17:09:00.000Z",
    "transaction_id": "55c506f0a0143e4905285a25",
    "tax_id": "",
    "tax_exempt": true,
    "description": "Iced Tea",
    "sales_category": {
      "id": "5",
      "name": "BAR MISC"
    },
    "sys_version": 1,
    "sys_created_at": "2015-08-07T19:28:49.481Z",
    "sys_created_by": "admin__bracco",
    "sys_id": "55c506f1da31494548f4ae7a"
  },
  {
    "quantity": 1,
    "order_id": "4194335",
    "order_number": 40004,
    "store_id": "557605fc4c32e071180a4604",
    "business_day": "2015-08-07",
    "net_total": {
      "value": 295,
      "code": "USD",
      "scale": 2
    },
    "timestamp": "2015-08-07T17:12:00.000Z",
    "transaction_id": "55c506f0a0143e4905285a26",
    "tax_id": "",
    "tax_exempt": true,
    "sales_category": {
      "id": "5",
      "name": "BAR MISC"
    },
    "sys_version": 1,
    "sys_created_at": "2015-08-07T19:28:49.492Z",
    "sys_created_by": "admin__bracco",
    "sys_id": "55c506f1da31494548f4ae7b"
  },
  {
    "quantity": 1,
    "order_id": "4194336",
    "order_number": 40004,
    "store_id": "557605fc4c32e071180a4604",
    "business_day": "2015-08-07",
    "net_total": {
      "value": 275,
      "code": "USD",
      "scale": 2
    },
    "timestamp": "2015-08-07T17:12:00.000Z",
    "transaction_id": "55c506f0a0143e4905285a26",
    "tax_id": "",
    "tax_exempt": true,
    "description": "Iced Tea",
    "sales_category": {
      "id": "5",
      "name": "BAR MISC"
    },
    "sys_version": 1,
    "sys_created_at": "2015-08-07T19:28:49.503Z",
    "sys_created_by": "admin__bracco",
    "sys_id": "55c506f1da31494548f4ae7c"
  },
  {
    "quantity": 1,
    "order_id": "4194337",
    "order_number": 40004,
    "store_id": "557605fc4c32e071180a4604",
    "business_day": "2015-08-07",
    "net_total": {
      "value": 895,
      "code": "USD",
      "scale": 2
    },
    "timestamp": "2015-08-07T17:12:00.000Z",
    "transaction_id": "55c506f0a0143e4905285a26",
    "tax_id": "",
    "tax_exempt": true,
    "description": "The Pig Out Burger",
    "sales_category": {
      "id": "1",
      "name": "FOOD"
    },
    "sys_version": 1,
    "sys_created_at": "2015-08-07T19:28:49.514Z",
    "sys_created_by": "admin__bracco",
    "sys_id": "55c506f1da31494548f4ae7d"
  },
  {
    "quantity": 1,
    "order_id": "4194338",
    "order_number": 40004,
    "store_id": "557605fc4c32e071180a4604",
    "business_day": "2015-08-07",
    "net_total": {
      "value": 300,
      "code": "USD",
      "scale": 2
    },
    "timestamp": "2015-08-07T17:12:00.000Z",
    "transaction_id": "55c506f0a0143e4905285a26",
    "tax_id": "",
    "tax_exempt": true,
    "sales_category": {
      "id": "1",
      "name": "FOOD"
    },
    "sys_version": 1,
    "sys_created_at": "2015-08-07T19:28:49.525Z",
    "sys_created_by": "admin__bracco",
    "sys_id": "55c506f1da31494548f4ae7e"
  },
  {
    "quantity": 1,
    "order_id": "4194339",
    "order_number": 40004,
    "store_id": "557605fc4c32e071180a4604",
    "business_day": "2015-08-07",
    "net_total": {
      "value": 375,
      "code": "USD",
      "scale": 2
    },
    "timestamp": "2015-08-07T17:12:00.000Z",
    "transaction_id": "55c506f0a0143e4905285a26",
    "tax_id": "",
    "tax_exempt": true,
    "sales_category": {
      "id": "1",
      "name": "FOOD"
    },
    "sys_version": 1,
    "sys_created_at": "2015-08-07T19:28:49.536Z",
    "sys_created_by": "admin__bracco",
    "sys_id": "55c506f1da31494548f4ae7f"
  },
  {
    "quantity": 1,
    "order_id": "4194340",
    "order_number": 40004,
    "store_id": "557605fc4c32e071180a4604",
    "business_day": "2015-08-07",
    "net_total": {
      "value": 100,
      "code": "USD",
      "scale": 2
    },
    "timestamp": "2015-08-07T17:12:00.000Z",
    "transaction_id": "55c506f0a0143e4905285a26",
    "tax_id": "",
    "tax_exempt": true,
    "sales_category": {
      "id": "1",
      "name": "FOOD"
    },
    "sys_version": 1,
    "sys_created_at": "2015-08-07T19:28:49.547Z",
    "sys_created_by": "admin__bracco",
    "sys_id": "55c506f1da31494548f4ae80"
  },
  {
    "quantity": 1,
    "order_id": "4194343",
    "order_number": 40004,
    "store_id": "557605fc4c32e071180a4604",
    "business_day": "2015-08-07",
    "net_total": {
      "value": 300,
      "code": "USD",
      "scale": 2
    },
    "timestamp": "2015-08-07T17:12:00.000Z",
    "transaction_id": "55c506f0a0143e4905285a26",
    "tax_id": "",
    "tax_exempt": true,
    "sales_category": {
      "id": "1",
      "name": "FOOD"
    },
    "sys_version": 1,
    "sys_created_at": "2015-08-07T19:28:49.562Z",
    "sys_created_by": "admin__bracco",
    "sys_id": "55c506f1da31494548f4ae81"
  },
  {
    "quantity": 1,
    "order_id": "4194342",
    "order_number": 40004,
    "store_id": "557605fc4c32e071180a4604",
    "business_day": "2015-08-07",
    "net_total": {
      "value": 125,
      "code": "USD",
      "scale": 2
    },
    "timestamp": "2015-08-07T17:12:00.000Z",
    "transaction_id": "55c506f0a0143e4905285a26",
    "tax_id": "",
    "tax_exempt": true,
    "sales_category": {
      "id": "1",
      "name": "FOOD"
    },
    "sys_version": 1,
    "sys_created_at": "2015-08-07T19:28:49.581Z",
    "sys_created_by": "admin__bracco",
    "sys_id": "55c506f1da31494548f4ae82"
  },
  {
    "quantity": 1,
    "order_id": "2097268",
    "order_number": 20007,
    "store_id": "557605fc4c32e071180a4604",
    "business_day": "2015-08-07",
    "net_total": {
      "value": 300,
      "code": "USD",
      "scale": 2
    },
    "timestamp": "2015-08-07T17:16:00.000Z",
    "transaction_id": "55c506f0a0143e4905285a16",
    "tax_id": "",
    "tax_exempt": true,
    "sales_category": {
      "id": "4",
      "name": "BEER"
    },
    "sys_version": 1,
    "sys_created_at": "2015-08-07T19:28:49.593Z",
    "sys_created_by": "admin__bracco",
    "sys_id": "55c506f1da31494548f4ae83"
  },
  {
    "quantity": 1,
    "order_id": "2097269",
    "order_number": 20007,
    "store_id": "557605fc4c32e071180a4604",
    "business_day": "2015-08-07",
    "net_total": {
      "value": 0,
      "code": "USD",
      "scale": 2
    },
    "timestamp": "2015-08-07T17:16:00.000Z",
    "transaction_id": "55c506f0a0143e4905285a16",
    "tax_id": "",
    "tax_exempt": true,
    "sales_category": {
      "id": "2",
      "name": "LIQUOR"
    },
    "sys_version": 1,
    "sys_created_at": "2015-08-07T19:28:49.604Z",
    "sys_created_by": "admin__bracco",
    "sys_id": "55c506f1da31494548f4ae84"
  },
  {
    "quantity": 1,
    "order_id": "2097272",
    "order_number": 20007,
    "store_id": "557605fc4c32e071180a4604",
    "business_day": "2015-08-07",
    "net_total": {
      "value": 295,
      "code": "USD",
      "scale": 2
    },
    "timestamp": "2015-08-07T17:16:00.000Z",
    "transaction_id": "55c506f0a0143e4905285a16",
    "tax_id": "",
    "tax_exempt": true,
    "sales_category": {
      "id": "5",
      "name": "BAR MISC"
    },
    "sys_version": 1,
    "sys_created_at": "2015-08-07T19:28:49.619Z",
    "sys_created_by": "admin__bracco",
    "sys_id": "55c506f1da31494548f4ae85"
  },
  {
    "quantity": 1,
    "order_id": "2097288",
    "order_number": 20007,
    "store_id": "557605fc4c32e071180a4604",
    "business_day": "2015-08-07",
    "net_total": {
      "value": 750,
      "code": "USD",
      "scale": 2
    },
    "timestamp": "2015-08-07T17:22:00.000Z",
    "transaction_id": "55c506f0a0143e4905285a16",
    "tax_id": "",
    "tax_exempt": true,
    "sales_category": {
      "id": "1",
      "name": "FOOD"
    },
    "sys_version": 1,
    "sys_created_at": "2015-08-07T19:28:49.636Z",
    "sys_created_by": "admin__bracco",
    "sys_id": "55c506f1da31494548f4ae86"
  },
  {
    "quantity": 1,
    "order_id": "2097289",
    "order_number": 20007,
    "store_id": "557605fc4c32e071180a4604",
    "business_day": "2015-08-07",
    "net_total": {
      "value": 750,
      "code": "USD",
      "scale": 2
    },
    "timestamp": "2015-08-07T17:22:00.000Z",
    "transaction_id": "55c506f0a0143e4905285a16",
    "tax_id": "",
    "tax_exempt": true,
    "sales_category": {
      "id": "1",
      "name": "FOOD"
    },
    "sys_version": 1,
    "sys_created_at": "2015-08-07T19:28:49.647Z",
    "sys_created_by": "admin__bracco",
    "sys_id": "55c506f1da31494548f4ae87"
  },
  {
    "quantity": 1,
    "order_id": "1048585",
    "order_number": 10001,
    "store_id": "557605fc4c32e071180a4604",
    "business_day": "2015-08-07",
    "net_total": {
      "value": 1100,
      "code": "USD",
      "scale": 2
    },
    "timestamp": "2015-08-07T16:08:00.000Z",
    "transaction_id": "55c506f0a0143e4905285a0c",
    "tax_id": "",
    "tax_exempt": true,
    "sales_category": {
      "id": "1",
      "name": "FOOD"
    },
    "sys_version": 1,
    "sys_created_at": "2015-08-07T19:28:49.658Z",
    "sys_created_by": "admin__bracco",
    "sys_id": "55c506f1da31494548f4ae88"
  },
  {
    "quantity": 1,
    "order_id": "1048586",
    "order_number": 10001,
    "store_id": "557605fc4c32e071180a4604",
    "business_day": "2015-08-07",
    "net_total": {
      "value": 0,
      "code": "USD",
      "scale": 2
    },
    "timestamp": "2015-08-07T16:08:00.000Z",
    "transaction_id": "55c506f0a0143e4905285a0c",
    "tax_id": "",
    "tax_exempt": true,
    "sales_category": {
      "id": "1",
      "name": "FOOD"
    },
    "sys_version": 1,
    "sys_created_at": "2015-08-07T19:28:49.670Z",
    "sys_created_by": "admin__bracco",
    "sys_id": "55c506f1da31494548f4ae89"
  },
  {
    "quantity": 1,
    "order_id": "1048587",
    "order_number": 10001,
    "store_id": "557605fc4c32e071180a4604",
    "business_day": "2015-08-07",
    "net_total": {
      "value": 0,
      "code": "USD",
      "scale": 2
    },
    "timestamp": "2015-08-07T16:08:00.000Z",
    "transaction_id": "55c506f0a0143e4905285a0c",
    "tax_id": "",
    "tax_exempt": true,
    "sales_category": {
      "id": "1",
      "name": "FOOD"
    },
    "sys_version": 1,
    "sys_created_at": "2015-08-07T19:28:49.682Z",
    "sys_created_by": "admin__bracco",
    "sys_id": "55c506f1da31494548f4ae8a"
  },
  {
    "quantity": 1,
    "order_id": "1048588",
    "order_number": 10001,
    "store_id": "557605fc4c32e071180a4604",
    "business_day": "2015-08-07",
    "net_total": {
      "value": 0,
      "code": "USD",
      "scale": 2
    },
    "timestamp": "2015-08-07T16:08:00.000Z",
    "transaction_id": "55c506f0a0143e4905285a0c",
    "tax_id": "",
    "tax_exempt": true,
    "sales_category": {
      "id": "1",
      "name": "FOOD"
    },
    "sys_version": 1,
    "sys_created_at": "2015-08-07T19:28:49.696Z",
    "sys_created_by": "admin__bracco",
    "sys_id": "55c506f1da31494548f4ae8b"
  },
  {
    "quantity": 1,
    "order_id": "1048626",
    "order_number": 10001,
    "store_id": "557605fc4c32e071180a4604",
    "business_day": "2015-08-07",
    "net_total": {
      "value": 0,
      "code": "USD",
      "scale": 2
    },
    "timestamp": "2015-08-07T16:08:00.000Z",
    "transaction_id": "55c506f0a0143e4905285a0c",
    "tax_id": "",
    "tax_exempt": true,
    "sales_category": {
      "id": "1",
      "name": "FOOD"
    },
    "sys_version": 1,
    "sys_created_at": "2015-08-07T19:28:49.713Z",
    "sys_created_by": "admin__bracco",
    "sys_id": "55c506f1da31494548f4ae8c"
  },
  {
    "quantity": 1,
    "order_id": "1048627",
    "order_number": 10001,
    "store_id": "557605fc4c32e071180a4604",
    "business_day": "2015-08-07",
    "net_total": {
      "value": 650,
      "code": "USD",
      "scale": 2
    },
    "timestamp": "2015-08-07T16:08:00.000Z",
    "transaction_id": "55c506f0a0143e4905285a0c",
    "tax_id": "",
    "tax_exempt": true,
    "sales_category": {
      "id": "1",
      "name": "FOOD"
    },
    "sys_version": 1,
    "sys_created_at": "2015-08-07T19:28:49.741Z",
    "sys_created_by": "admin__bracco",
    "sys_id": "55c506f1da31494548f4ae8d"
  },
  {
    "quantity": 1,
    "order_id": "1048628",
    "order_number": 10001,
    "store_id": "557605fc4c32e071180a4604",
    "business_day": "2015-08-07",
    "net_total": {
      "value": 0,
      "code": "USD",
      "scale": 2
    },
    "timestamp": "2015-08-07T16:08:00.000Z",
    "transaction_id": "55c506f0a0143e4905285a0c",
    "tax_id": "",
    "tax_exempt": true,
    "sales_category": {
      "id": "1",
      "name": "FOOD"
    },
    "sys_version": 1,
    "sys_created_at": "2015-08-07T19:28:49.750Z",
    "sys_created_by": "admin__bracco",
    "sys_id": "55c506f1da31494548f4ae8e"
  },
  {
    "quantity": 1,
    "order_id": "1048638",
    "order_number": 10001,
    "store_id": "557605fc4c32e071180a4604",
    "business_day": "2015-08-07",
    "net_total": {
      "value": 275,
      "code": "USD",
      "scale": 2
    },
    "timestamp": "2015-08-07T16:08:00.000Z",
    "transaction_id": "55c506f0a0143e4905285a0c",
    "tax_id": "",
    "tax_exempt": true,
    "description": "Iced Tea",
    "sales_category": {
      "id": "5",
      "name": "BAR MISC"
    },
    "sys_version": 1,
    "sys_created_at": "2015-08-07T19:28:49.763Z",
    "sys_created_by": "admin__bracco",
    "sys_id": "55c506f1da31494548f4ae8f"
  },
  {
    "quantity": 1,
    "order_id": "1049105",
    "order_number": 10011,
    "store_id": "557605fc4c32e071180a4604",
    "business_day": "2015-08-07",
    "net_total": {
      "value": 350,
      "code": "USD",
      "scale": 2
    },
    "timestamp": "2015-08-07T17:14:00.000Z",
    "transaction_id": "55c506f0a0143e4905285a0e",
    "tax_id": "",
    "tax_exempt": true,
    "sales_category": {
      "id": "4",
      "name": "BEER"
    },
    "sys_version": 1,
    "sys_created_at": "2015-08-07T19:28:49.774Z",
    "sys_created_by": "admin__bracco",
    "sys_id": "55c506f1da31494548f4ae90"
  },
  {
    "quantity": 1,
    "order_id": "3145800",
    "order_number": 30003,
    "store_id": "557605fc4c32e071180a4604",
    "business_day": "2015-08-07",
    "net_total": {
      "value": 275,
      "code": "USD",
      "scale": 2
    },
    "timestamp": "2015-08-07T16:43:00.000Z",
    "transaction_id": "55c506f0a0143e4905285a1d",
    "tax_id": "",
    "tax_exempt": true,
    "description": "Iced Tea",
    "sales_category": {
      "id": "5",
      "name": "BAR MISC"
    },
    "sys_version": 1,
    "sys_created_at": "2015-08-07T19:28:49.783Z",
    "sys_created_by": "admin__bracco",
    "sys_id": "55c506f1da31494548f4ae91"
  },
  {
    "quantity": 1,
    "order_id": "3145810",
    "order_number": 30003,
    "store_id": "557605fc4c32e071180a4604",
    "business_day": "2015-08-07",
    "net_total": {
      "value": 375,
      "code": "USD",
      "scale": 2
    },
    "timestamp": "2015-08-07T16:43:00.000Z",
    "transaction_id": "55c506f0a0143e4905285a1d",
    "tax_id": "",
    "tax_exempt": true,
    "sales_category": {
      "id": "1",
      "name": "FOOD"
    },
    "sys_version": 1,
    "sys_created_at": "2015-08-07T19:28:49.794Z",
    "sys_created_by": "admin__bracco",
    "sys_id": "55c506f1da31494548f4ae92"
  },
  {
    "quantity": 1,
    "order_id": "3145811",
    "order_number": 30003,
    "store_id": "557605fc4c32e071180a4604",
    "business_day": "2015-08-07",
    "net_total": {
      "value": 50,
      "code": "USD",
      "scale": 2
    },
    "timestamp": "2015-08-07T16:43:00.000Z",
    "transaction_id": "55c506f0a0143e4905285a1d",
    "tax_id": "",
    "tax_exempt": true,
    "sales_category": {
      "id": "1",
      "name": "FOOD"
    },
    "sys_version": 1,
    "sys_created_at": "2015-08-07T19:28:49.804Z",
    "sys_created_by": "admin__bracco",
    "sys_id": "55c506f1da31494548f4ae93"
  },
  {
    "quantity": 1,
    "order_id": "3145812",
    "order_number": 30003,
    "store_id": "557605fc4c32e071180a4604",
    "business_day": "2015-08-07",
    "net_total": {
      "value": 150,
      "code": "USD",
      "scale": 2
    },
    "timestamp": "2015-08-07T16:43:00.000Z",
    "transaction_id": "55c506f0a0143e4905285a1d",
    "tax_id": "",
    "tax_exempt": true,
    "description": "Side of Slaw",
    "sales_category": {
      "id": "1",
      "name": "FOOD"
    },
    "sys_version": 1,
    "sys_created_at": "2015-08-07T19:28:49.813Z",
    "sys_created_by": "admin__bracco",
    "sys_id": "55c506f1da31494548f4ae94"
  },
  {
    "quantity": 1,
    "order_id": "4194341",
    "order_number": 40004,
    "store_id": "557605fc4c32e071180a4604",
    "business_day": "2015-08-07",
    "net_total": {
      "value": 75,
      "code": "USD",
      "scale": 2
    },
    "timestamp": "2015-08-07T17:12:00.000Z",
    "transaction_id": "55c506f0a0143e4905285a26",
    "tax_id": "",
    "tax_exempt": true,
    "sales_category": {
      "id": "1",
      "name": "FOOD"
    },
    "sys_version": 1,
    "sys_created_at": "2015-08-07T19:28:49.825Z",
    "sys_created_by": "admin__bracco",
    "sys_id": "55c506f1da31494548f4ae95"
  },
  {
    "quantity": 1,
    "order_id": "3145823",
    "order_number": 30003,
    "store_id": "557605fc4c32e071180a4604",
    "business_day": "2015-08-07",
    "net_total": {
      "value": 0,
      "code": "USD",
      "scale": 2
    },
    "timestamp": "2015-08-07T16:44:00.000Z",
    "transaction_id": "55c506f0a0143e4905285a1d",
    "tax_id": "",
    "tax_exempt": true,
    "sales_category": {
      "id": "1",
      "name": "FOOD"
    },
    "sys_version": 1,
    "sys_created_at": "2015-08-07T19:28:49.834Z",
    "sys_created_by": "admin__bracco",
    "sys_id": "55c506f1da31494548f4ae96"
  },
  {
    "quantity": 1,
    "order_id": "3145824",
    "order_number": 30003,
    "store_id": "557605fc4c32e071180a4604",
    "business_day": "2015-08-07",
    "net_total": {
      "value": 75,
      "code": "USD",
      "scale": 2
    },
    "timestamp": "2015-08-07T16:44:00.000Z",
    "transaction_id": "55c506f0a0143e4905285a1d",
    "tax_id": "",
    "tax_exempt": true,
    "sales_category": {
      "id": "1",
      "name": "FOOD"
    },
    "sys_version": 1,
    "sys_created_at": "2015-08-07T19:28:49.843Z",
    "sys_created_by": "admin__bracco",
    "sys_id": "55c506f1da31494548f4ae97"
  },
  {
    "quantity": 1,
    "order_id": "3145825",
    "order_number": 30003,
    "store_id": "557605fc4c32e071180a4604",
    "business_day": "2015-08-07",
    "net_total": {
      "value": 225,
      "code": "USD",
      "scale": 2
    },
    "timestamp": "2015-08-07T16:44:00.000Z",
    "transaction_id": "55c506f0a0143e4905285a1d",
    "tax_id": "",
    "tax_exempt": true,
    "sales_category": {
      "id": "1",
      "name": "FOOD"
    },
    "sys_version": 1,
    "sys_created_at": "2015-08-07T19:28:49.853Z",
    "sys_created_by": "admin__bracco",
    "sys_id": "55c506f1da31494548f4ae98"
  },
  {
    "quantity": 1,
    "order_id": "3145835",
    "order_number": 30003,
    "store_id": "557605fc4c32e071180a4604",
    "business_day": "2015-08-07",
    "net_total": {
      "value": 750,
      "code": "USD",
      "scale": 2
    },
    "timestamp": "2015-08-07T16:44:00.000Z",
    "transaction_id": "55c506f0a0143e4905285a1d",
    "tax_id": "",
    "tax_exempt": true,
    "sales_category": {
      "id": "1",
      "name": "FOOD"
    },
    "sys_version": 1,
    "sys_created_at": "2015-08-07T19:28:49.862Z",
    "sys_created_by": "admin__bracco",
    "sys_id": "55c506f1da31494548f4ae99"
  },
  {
    "quantity": 1,
    "order_id": "1048988",
    "order_number": 10006,
    "store_id": "557605fc4c32e071180a4604",
    "business_day": "2015-08-07",
    "net_total": {
      "value": 100,
      "code": "USD",
      "scale": 2
    },
    "timestamp": "2015-08-07T16:45:00.000Z",
    "transaction_id": "55c506f0a0143e4905285a0d",
    "tax_id": "",
    "tax_exempt": true,
    "sales_category": {
      "id": "1",
      "name": "FOOD"
    },
    "sys_version": 1,
    "sys_created_at": "2015-08-07T19:28:49.871Z",
    "sys_created_by": "admin__bracco",
    "sys_id": "55c506f1da31494548f4ae9a"
  },
  {
    "quantity": 1,
    "order_id": "1048976",
    "order_number": 10006,
    "store_id": "557605fc4c32e071180a4604",
    "business_day": "2015-08-07",
    "net_total": {
      "value": 325,
      "code": "USD",
      "scale": 2
    },
    "timestamp": "2015-08-07T16:45:00.000Z",
    "transaction_id": "55c506f0a0143e4905285a0d",
    "tax_id": "",
    "tax_exempt": true,
    "sales_category": {
      "id": "1",
      "name": "FOOD"
    },
    "sys_version": 1,
    "sys_created_at": "2015-08-07T19:28:49.881Z",
    "sys_created_by": "admin__bracco",
    "sys_id": "55c506f1da31494548f4ae9b"
  },
  {
    "quantity": 1,
    "order_id": "3145995",
    "order_number": 30007,
    "store_id": "557605fc4c32e071180a4604",
    "business_day": "2015-08-07",
    "net_total": {
      "value": 0,
      "code": "USD",
      "scale": 2
    },
    "timestamp": "2015-08-07T17:11:00.000Z",
    "transaction_id": "55c506f0a0143e4905285a1f",
    "tax_id": "",
    "tax_exempt": true,
    "sales_category": {
      "id": "1",
      "name": "FOOD"
    },
    "sys_version": 1,
    "sys_created_at": "2015-08-07T19:28:49.898Z",
    "sys_created_by": "admin__bracco",
    "sys_id": "55c506f1da31494548f4ae9c"
  },
  {
    "quantity": 1,
    "order_id": "3145994",
    "order_number": 30007,
    "store_id": "557605fc4c32e071180a4604",
    "business_day": "2015-08-07",
    "net_total": {
      "value": 525,
      "code": "USD",
      "scale": 2
    },
    "timestamp": "2015-08-07T17:11:00.000Z",
    "transaction_id": "55c506f0a0143e4905285a1f",
    "tax_id": "",
    "tax_exempt": true,
    "sales_category": {
      "id": "1",
      "name": "FOOD"
    },
    "sys_version": 1,
    "sys_created_at": "2015-08-07T19:28:49.910Z",
    "sys_created_by": "admin__bracco",
    "sys_id": "55c506f1da31494548f4ae9d"
  },
  {
    "quantity": 1,
    "order_id": "3145996",
    "order_number": 30007,
    "store_id": "557605fc4c32e071180a4604",
    "business_day": "2015-08-07",
    "net_total": {
      "value": 75,
      "code": "USD",
      "scale": 2
    },
    "timestamp": "2015-08-07T17:11:00.000Z",
    "transaction_id": "55c506f0a0143e4905285a1f",
    "tax_id": "",
    "tax_exempt": true,
    "sales_category": {
      "id": "1",
      "name": "FOOD"
    },
    "sys_version": 1,
    "sys_created_at": "2015-08-07T19:28:49.921Z",
    "sys_created_by": "admin__bracco",
    "sys_id": "55c506f1da31494548f4ae9e"
  },
  {
    "quantity": 1,
    "order_id": "3145997",
    "order_number": 30007,
    "store_id": "557605fc4c32e071180a4604",
    "business_day": "2015-08-07",
    "net_total": {
      "value": 300,
      "code": "USD",
      "scale": 2
    },
    "timestamp": "2015-08-07T17:11:00.000Z",
    "transaction_id": "55c506f0a0143e4905285a1f",
    "tax_id": "",
    "tax_exempt": true,
    "sales_category": {
      "id": "1",
      "name": "FOOD"
    },
    "sys_version": 1,
    "sys_created_at": "2015-08-07T19:28:49.930Z",
    "sys_created_by": "admin__bracco",
    "sys_id": "55c506f1da31494548f4ae9f"
  },
  {
    "quantity": 1,
    "order_id": "3146007",
    "order_number": 30007,
    "store_id": "557605fc4c32e071180a4604",
    "business_day": "2015-08-07",
    "net_total": {
      "value": 525,
      "code": "USD",
      "scale": 2
    },
    "timestamp": "2015-08-07T17:11:00.000Z",
    "transaction_id": "55c506f0a0143e4905285a1f",
    "tax_id": "",
    "tax_exempt": true,
    "sales_category": {
      "id": "1",
      "name": "FOOD"
    },
    "sys_version": 1,
    "sys_created_at": "2015-08-07T19:28:49.941Z",
    "sys_created_by": "admin__bracco",
    "sys_id": "55c506f1da31494548f4aea0"
  },
  {
    "quantity": 1,
    "order_id": "3146008",
    "order_number": 30007,
    "store_id": "557605fc4c32e071180a4604",
    "business_day": "2015-08-07",
    "net_total": {
      "value": 75,
      "code": "USD",
      "scale": 2
    },
    "timestamp": "2015-08-07T17:11:00.000Z",
    "transaction_id": "55c506f0a0143e4905285a1f",
    "tax_id": "",
    "tax_exempt": true,
    "sales_category": {
      "id": "1",
      "name": "FOOD"
    },
    "sys_version": 1,
    "sys_created_at": "2015-08-07T19:28:49.954Z",
    "sys_created_by": "admin__bracco",
    "sys_id": "55c506f1da31494548f4aea1"
  },
  {
    "quantity": 1,
    "order_id": "3146009",
    "order_number": 30007,
    "store_id": "557605fc4c32e071180a4604",
    "business_day": "2015-08-07",
    "net_total": {
      "value": 75,
      "code": "USD",
      "scale": 2
    },
    "timestamp": "2015-08-07T17:11:00.000Z",
    "transaction_id": "55c506f0a0143e4905285a1f",
    "tax_id": "",
    "tax_exempt": true,
    "sales_category": {
      "id": "1",
      "name": "FOOD"
    },
    "sys_version": 1,
    "sys_created_at": "2015-08-07T19:28:49.963Z",
    "sys_created_by": "admin__bracco",
    "sys_id": "55c506f1da31494548f4aea2"
  },
  {
    "quantity": 1,
    "order_id": "3146010",
    "order_number": 30007,
    "store_id": "557605fc4c32e071180a4604",
    "business_day": "2015-08-07",
    "net_total": {
      "value": 125,
      "code": "USD",
      "scale": 2
    },
    "timestamp": "2015-08-07T17:11:00.000Z",
    "transaction_id": "55c506f0a0143e4905285a1f",
    "tax_id": "",
    "tax_exempt": true,
    "sales_category": {
      "id": "1",
      "name": "FOOD"
    },
    "sys_version": 1,
    "sys_created_at": "2015-08-07T19:28:49.972Z",
    "sys_created_by": "admin__bracco",
    "sys_id": "55c506f1da31494548f4aea3"
  },
  {
    "quantity": 1,
    "order_id": "1049192",
    "order_number": 10013,
    "store_id": "557605fc4c32e071180a4604",
    "business_day": "2015-08-07",
    "net_total": {
      "value": 350,
      "code": "USD",
      "scale": 2
    },
    "timestamp": "2015-08-07T17:15:00.000Z",
    "transaction_id": "55c506f0a0143e4905285a0f",
    "tax_id": "",
    "tax_exempt": true,
    "sales_category": {
      "id": "4",
      "name": "BEER"
    },
    "sys_version": 1,
    "sys_created_at": "2015-08-07T19:28:50.068Z",
    "sys_created_by": "admin__bracco",
    "sys_id": "55c506f3dffa2e7d014be9e3"
  },
  {
    "quantity": 1,
    "order_id": "3146011",
    "order_number": 30007,
    "store_id": "557605fc4c32e071180a4604",
    "business_day": "2015-08-07",
    "net_total": {
      "value": 150,
      "code": "USD",
      "scale": 2
    },
    "timestamp": "2015-08-07T17:11:00.000Z",
    "transaction_id": "55c506f0a0143e4905285a1f",
    "tax_id": "",
    "tax_exempt": true,
    "description": "Side of Slaw",
    "sales_category": {
      "id": "1",
      "name": "FOOD"
    },
    "sys_version": 1,
    "sys_created_at": "2015-08-07T19:28:50.100Z",
    "sys_created_by": "admin__bracco",
    "sys_id": "55c506f3dffa2e7d014be9e4"
  },
  {
    "quantity": 1,
    "order_id": "1049239",
    "order_number": 10013,
    "store_id": "557605fc4c32e071180a4604",
    "business_day": "2015-08-07",
    "net_total": {
      "value": 650,
      "code": "USD",
      "scale": 2
    },
    "timestamp": "2015-08-07T17:18:00.000Z",
    "transaction_id": "55c506f0a0143e4905285a0f",
    "tax_id": "",
    "tax_exempt": true,
    "sales_category": {
      "id": "1",
      "name": "FOOD"
    },
    "sys_version": 1,
    "sys_created_at": "2015-08-07T19:28:50.114Z",
    "sys_created_by": "admin__bracco",
    "sys_id": "55c506f3dffa2e7d014be9e5"
  },
  {
    "quantity": 1,
    "order_id": "1049238",
    "order_number": 10013,
    "store_id": "557605fc4c32e071180a4604",
    "business_day": "2015-08-07",
    "net_total": {
      "value": 0,
      "code": "USD",
      "scale": 2
    },
    "timestamp": "2015-08-07T17:18:00.000Z",
    "transaction_id": "55c506f0a0143e4905285a0f",
    "tax_id": "",
    "tax_exempt": true,
    "sales_category": {
      "id": "1",
      "name": "FOOD"
    },
    "sys_version": 1,
    "sys_created_at": "2015-08-07T19:28:50.128Z",
    "sys_created_by": "admin__bracco",
    "sys_id": "55c506f3dffa2e7d014be9e6"
  },
  {
    "quantity": 1,
    "order_id": "1049261",
    "order_number": 10013,
    "store_id": "557605fc4c32e071180a4604",
    "business_day": "2015-08-07",
    "net_total": {
      "value": 695,
      "code": "USD",
      "scale": 2
    },
    "timestamp": "2015-08-07T17:18:00.000Z",
    "transaction_id": "55c506f0a0143e4905285a0f",
    "tax_id": "",
    "tax_exempt": true,
    "description": "Sloppy Joe",
    "sales_category": {
      "id": "1",
      "name": "FOOD"
    },
    "sys_version": 1,
    "sys_created_at": "2015-08-07T19:28:50.143Z",
    "sys_created_by": "admin__bracco",
    "sys_id": "55c506f3dffa2e7d014be9e7"
  },
  {
    "quantity": 1,
    "order_id": "1049240",
    "order_number": 10013,
    "store_id": "557605fc4c32e071180a4604",
    "business_day": "2015-08-07",
    "net_total": {
      "value": 0,
      "code": "USD",
      "scale": 2
    },
    "timestamp": "2015-08-07T17:18:00.000Z",
    "transaction_id": "55c506f0a0143e4905285a0f",
    "tax_id": "",
    "tax_exempt": true,
    "sales_category": {
      "id": "1",
      "name": "FOOD"
    },
    "sys_version": 1,
    "sys_created_at": "2015-08-07T19:28:50.160Z",
    "sys_created_by": "admin__bracco",
    "sys_id": "55c506f3dffa2e7d014be9e8"
  },
  {
    "quantity": 1,
    "order_id": "3145752",
    "order_number": 30002,
    "store_id": "557605fc4c32e071180a4604",
    "business_day": "2015-08-07",
    "net_total": {
      "value": 375,
      "code": "USD",
      "scale": 2
    },
    "timestamp": "2015-08-07T16:12:00.000Z",
    "transaction_id": "55c506f0a0143e4905285a1c",
    "tax_id": "",
    "tax_exempt": true,
    "sales_category": {
      "id": "1",
      "name": "FOOD"
    },
    "sys_version": 1,
    "sys_created_at": "2015-08-07T19:28:50.176Z",
    "sys_created_by": "admin__bracco",
    "sys_id": "55c506f3dffa2e7d014be9e9"
  },
  {
    "quantity": 1,
    "order_id": "3145749",
    "order_number": 30002,
    "store_id": "557605fc4c32e071180a4604",
    "business_day": "2015-08-07",
    "net_total": {
      "value": 275,
      "code": "USD",
      "scale": 2
    },
    "timestamp": "2015-08-07T16:07:00.000Z",
    "transaction_id": "55c506f0a0143e4905285a1c",
    "tax_id": "",
    "tax_exempt": true,
    "description": "Iced Tea",
    "sales_category": {
      "id": "5",
      "name": "BAR MISC"
    },
    "sys_version": 1,
    "sys_created_at": "2015-08-07T19:28:50.198Z",
    "sys_created_by": "admin__bracco",
    "sys_id": "55c506f3dffa2e7d014be9ea"
  },
  {
    "quantity": 1,
    "order_id": "3145753",
    "order_number": 30002,
    "store_id": "557605fc4c32e071180a4604",
    "business_day": "2015-08-07",
    "net_total": {
      "value": 75,
      "code": "USD",
      "scale": 2
    },
    "timestamp": "2015-08-07T16:12:00.000Z",
    "transaction_id": "55c506f0a0143e4905285a1c",
    "tax_id": "",
    "tax_exempt": true,
    "sales_category": {
      "id": "1",
      "name": "FOOD"
    },
    "sys_version": 1,
    "sys_created_at": "2015-08-07T19:28:50.233Z",
    "sys_created_by": "admin__bracco",
    "sys_id": "55c506f3dffa2e7d014be9eb"
  },
  {
    "quantity": 1,
    "order_id": "3145754",
    "order_number": 30002,
    "store_id": "557605fc4c32e071180a4604",
    "business_day": "2015-08-07",
    "net_total": {
      "value": 75,
      "code": "USD",
      "scale": 2
    },
    "timestamp": "2015-08-07T16:12:00.000Z",
    "transaction_id": "55c506f0a0143e4905285a1c",
    "tax_id": "",
    "tax_exempt": true,
    "sales_category": {
      "id": "1",
      "name": "FOOD"
    },
    "sys_version": 1,
    "sys_created_at": "2015-08-07T19:28:50.254Z",
    "sys_created_by": "admin__bracco",
    "sys_id": "55c506f3dffa2e7d014be9ec"
  },
  {
    "quantity": 1,
    "order_id": "3145755",
    "order_number": 30002,
    "store_id": "557605fc4c32e071180a4604",
    "business_day": "2015-08-07",
    "net_total": {
      "value": 0,
      "code": "USD",
      "scale": 2
    },
    "timestamp": "2015-08-07T16:12:00.000Z",
    "transaction_id": "55c506f0a0143e4905285a1c",
    "tax_id": "",
    "tax_exempt": true,
    "sales_category": {
      "id": "1",
      "name": "FOOD"
    },
    "sys_version": 1,
    "sys_created_at": "2015-08-07T19:28:50.267Z",
    "sys_created_by": "admin__bracco",
    "sys_id": "55c506f3dffa2e7d014be9ed"
  },
  {
    "quantity": 1,
    "order_id": "3145756",
    "order_number": 30002,
    "store_id": "557605fc4c32e071180a4604",
    "business_day": "2015-08-07",
    "net_total": {
      "value": 300,
      "code": "USD",
      "scale": 2
    },
    "timestamp": "2015-08-07T16:12:00.000Z",
    "transaction_id": "55c506f0a0143e4905285a1c",
    "tax_id": "",
    "tax_exempt": true,
    "sales_category": {
      "id": "1",
      "name": "FOOD"
    },
    "sys_version": 1,
    "sys_created_at": "2015-08-07T19:28:50.283Z",
    "sys_created_by": "admin__bracco",
    "sys_id": "55c506f3dffa2e7d014be9ee"
  },
  {
    "quantity": 1,
    "order_id": "3145757",
    "order_number": 30002,
    "store_id": "557605fc4c32e071180a4604",
    "business_day": "2015-08-07",
    "net_total": {
      "value": 775,
      "code": "USD",
      "scale": 2
    },
    "timestamp": "2015-08-07T16:12:00.000Z",
    "transaction_id": "55c506f0a0143e4905285a1c",
    "tax_id": "",
    "tax_exempt": true,
    "sales_category": {
      "id": "1",
      "name": "FOOD"
    },
    "sys_version": 1,
    "sys_created_at": "2015-08-07T19:28:50.300Z",
    "sys_created_by": "admin__bracco",
    "sys_id": "55c506f3dffa2e7d014be9ef"
  },
  {
    "quantity": 1,
    "order_id": "3145760",
    "order_number": 30002,
    "store_id": "557605fc4c32e071180a4604",
    "business_day": "2015-08-07",
    "net_total": {
      "value": 150,
      "code": "USD",
      "scale": 2
    },
    "timestamp": "2015-08-07T16:12:00.000Z",
    "transaction_id": "55c506f0a0143e4905285a1c",
    "tax_id": "",
    "tax_exempt": true,
    "description": "Side of Slaw",
    "sales_category": {
      "id": "1",
      "name": "FOOD"
    },
    "sys_version": 1,
    "sys_created_at": "2015-08-07T19:28:50.316Z",
    "sys_created_by": "admin__bracco",
    "sys_id": "55c506f3dffa2e7d014be9f0"
  },
  {
    "quantity": 1,
    "order_id": "2097177",
    "order_number": 20002,
    "store_id": "557605fc4c32e071180a4604",
    "business_day": "2015-08-07",
    "net_total": {
      "value": 750,
      "code": "USD",
      "scale": 2
    },
    "timestamp": "2015-08-07T16:42:00.000Z",
    "transaction_id": "55c506f0a0143e4905285a11",
    "tax_id": "",
    "tax_exempt": true,
    "sales_category": {
      "id": "1",
      "name": "FOOD"
    },
    "sys_version": 1,
    "sys_created_at": "2015-08-07T19:28:50.331Z",
    "sys_created_by": "admin__bracco",
    "sys_id": "55c506f3dffa2e7d014be9f1"
  },
  {
    "quantity": 1,
    "order_id": "2097155",
    "order_number": 20001,
    "store_id": "557605fc4c32e071180a4604",
    "business_day": "2015-08-07",
    "net_total": {
      "value": 375,
      "code": "USD",
      "scale": 2
    },
    "timestamp": "2015-08-07T16:38:00.000Z",
    "transaction_id": "55c506f0a0143e4905285a10",
    "tax_id": "",
    "tax_exempt": true,
    "sales_category": {
      "id": "1",
      "name": "FOOD"
    },
    "sys_version": 1,
    "sys_created_at": "2015-08-07T19:28:50.348Z",
    "sys_created_by": "admin__bracco",
    "sys_id": "55c506f3dffa2e7d014be9f2"
  },
  {
    "quantity": 1,
    "order_id": "2097156",
    "order_number": 20001,
    "store_id": "557605fc4c32e071180a4604",
    "business_day": "2015-08-07",
    "net_total": {
      "value": 75,
      "code": "USD",
      "scale": 2
    },
    "timestamp": "2015-08-07T16:38:00.000Z",
    "transaction_id": "55c506f0a0143e4905285a10",
    "tax_id": "",
    "tax_exempt": true,
    "sales_category": {
      "id": "1",
      "name": "FOOD"
    },
    "sys_version": 1,
    "sys_created_at": "2015-08-07T19:28:50.364Z",
    "sys_created_by": "admin__bracco",
    "sys_id": "55c506f3dffa2e7d014be9f3"
  },
  {
    "quantity": 1,
    "order_id": "2097157",
    "order_number": 20001,
    "store_id": "557605fc4c32e071180a4604",
    "business_day": "2015-08-07",
    "net_total": {
      "value": 75,
      "code": "USD",
      "scale": 2
    },
    "timestamp": "2015-08-07T16:38:00.000Z",
    "transaction_id": "55c506f0a0143e4905285a10",
    "tax_id": "",
    "tax_exempt": true,
    "sales_category": {
      "id": "1",
      "name": "FOOD"
    },
    "sys_version": 1,
    "sys_created_at": "2015-08-07T19:28:50.378Z",
    "sys_created_by": "admin__bracco",
    "sys_id": "55c506f3dffa2e7d014be9f4"
  }
]
