[
  {
    "store_id": "557605fc4c32e071180a4604",
    "instore_id": "25",
    "instore_name": "Bus Person",
    "sys_id": "55c4ea95d539ec3ef23618ac"
  },
  {
    "store_id": "557605fc4c32e071180a4604",
    "instore_id": "60",
    "instore_name": "Dish",
    "sys_id": "55c4ea95c28eda0378591fa2"
  },
  {
    "store_id": "557605fc4c32e071180a4604",
    "instore_id": "18",
    "instore_name": "Hostess",
    "sys_id": "55c4ea954c32e0253233455e"
  },
  {
    "store_id": "557605fc4c32e071180a4604",
    "instore_id": "10",
    "instore_name": "Manager",
    "sys_id": "55c4ea95da31494548f47cd3"
  },
  {
    "store_id": "557605fc4c32e071180a4604",
    "instore_id": "20",
    "instore_name": "Server",
    "sys_id": "55c4ea95a0143e4905282d16"
  },
  {
    "store_id": "557605fc4c32e071180a4604",
    "instore_id": "12",
    "instore_name": "Hrly Manager",
    "sys_id": "55c4ea95c28eda0378591fa3"
  },
  {
    "store_id": "557605fc4c32e071180a4604",
    "instore_id": "98",
    "instore_name": "Trainee",
    "sys_id": "55c4ea95da31494548f47cd4"
  },
  {
    "store_id": "557605fc4c32e071180a4604",
    "instore_id": "29",
    "instore_name": "Bartender",
    "sys_id": "55c4ea95d539ec3ef23618ad"
  },
  {
    "store_id": "557605fc4c32e071180a4604",
    "instore_id": "55",
    "instore_name": "Cook",
    "sys_id": "55c4ea954c32e0253233455f"
  },
  {
    "store_id": "557605fc4c32e071180a4604",
    "instore_id": "30",
    "instore_name": "Cleaner",
    "sys_id": "55c4ea95c28eda0378591fa4"
  },
  {
    "store_id": "557605fc4c32e071180a4604",
    "instore_id": "21",
    "instore_name": "Group Service",
    "sys_id": "55c4ea95da31494548f47cd5"
  },
  {
    "store_id": "557605fc4c32e071180a4604",
    "instore_id": "31",
    "instore_name": "Free Train",
    "sys_id": "55c4ea95a0143e4905282d17"
  },
  {
    "store_id": "557605fc4c32e071180a4604",
    "instore_id": "32",
    "instore_name": "Bar Free Train",
    "sys_id": "55c4ea954c32e02532334560"
  },
  {
    "store_id": "557605fc4c32e071180a4604",
    "instore_id": "11",
    "instore_name": "Bartender Drawer",
    "sys_id": "55c4ea95c28eda0378591fa5"
  },
  {
    "store_id": "557605fc4c32e071180a4604",
    "instore_id": "26",
    "instore_name": "Expo",
    "sys_id": "55c4ea95a0143e4905282d18"
  },
  {
    "store_id": "5620fc45d539ec78c686ae45",
    "instore_name": "HOST",
    "instore_id": "11",
    "sys_id": "56329400d539ec75334de573"
  },
  {
    "store_id": "5620fc45d539ec78c686ae45",
    "instore_name": "SERVER",
    "instore_id": "12",
    "sys_id": "56329400d539ec75334de574"
  },
  {
    "store_id": "5620fc45d539ec78c686ae45",
    "instore_name": "COCKTAIL",
    "instore_id": "13",
    "sys_id": "56329400d539ec75334de575"
  },
  {
    "store_id": "5620fc45d539ec78c686ae45",
    "instore_name": "SERVER TRAINER",
    "instore_id": "14",
    "sys_id": "56329400d539ec75334de576"
  },
  {
    "store_id": "5620fc45d539ec78c686ae45",
    "instore_name": "SERVER TRAINING",
    "instore_id": "15",
    "sys_id": "56329400d539ec75334de577"
  },
  {
    "store_id": "5620fc45d539ec78c686ae45",
    "instore_name": "LUNCH BUSSER",
    "instore_id": "16",
    "sys_id": "56329400d539ec75334de578"
  },
  {
    "store_id": "5620fc45d539ec78c686ae45",
    "instore_name": "EXPEDITER",
    "instore_id": "17",
    "sys_id": "56329400d539ec75334de579"
  },
  {
    "store_id": "5620fc45d539ec78c686ae45",
    "instore_name": "BARTENDER",
    "instore_id": "18",
    "sys_id": "56329400d539ec75334de57a"
  },
  {
    "store_id": "5620fc45d539ec78c686ae45",
    "instore_name": "OFFICE",
    "instore_id": "19",
    "sys_id": "56329400d539ec75334de57b"
  },
  {
    "store_id": "5620fc45d539ec78c686ae45",
    "instore_name": "KITCHEN",
    "instore_id": "20",
    "sys_id": "56329400d539ec75334de57c"
  },
  {
    "store_id": "5620fc45d539ec78c686ae45",
    "instore_name": "DISHWASHER",
    "instore_id": "21",
    "sys_id": "563294014c32e039da20dab2"
  },
  {
    "store_id": "5620fc45d539ec78c686ae45",
    "instore_name": "FOOD STEWARD",
    "instore_id": "22",
    "sys_id": "563294014c32e039da20dab3"
  },
  {
    "store_id": "5620fc45d539ec78c686ae45",
    "instore_name": "CLEANING",
    "instore_id": "23",
    "sys_id": "563294014c32e039da20dab4"
  },
  {
    "store_id": "5620fc45d539ec78c686ae45",
    "instore_name": "OAKLEAF",
    "instore_id": "24",
    "sys_id": "563294014c32e039da20dab5"
  },
  {
    "store_id": "5620fc45d539ec78c686ae45",
    "instore_name": "PARTY STAFF",
    "instore_id": "30",
    "sys_id": "563294014c32e039da20dab6"
  },
  {
    "store_id": "5620fc45d539ec78c686ae45",
    "instore_name": "BANQ SET UP",
    "instore_id": "31",
    "sys_id": "563294014c32e039da20dab7"
  },
  {
    "store_id": "5620fc45d539ec78c686ae45",
    "instore_name": "BANQUET BARTENDER",
    "instore_id": "32",
    "sys_id": "563294014c32e039da20dab8"
  },
  {
    "store_id": "5620fc45d539ec78c686ae45",
    "instore_name": "CAPTAIN",
    "instore_id": "33",
    "sys_id": "563294014c32e039da20dab9"
  },
  {
    "store_id": "5620fc45d539ec78c686ae45",
    "instore_name": "BANQUET MANAGER",
    "instore_id": "34",
    "sys_id": "563294014c32e039da20daba"
  },
  {
    "store_id": "5620fc45d539ec78c686ae45",
    "instore_name": "BANQUET TRAINING",
    "instore_id": "35",
    "sys_id": "563294014c32e039da20dabb"
  },
  {
    "store_id": "5620fc45d539ec78c686ae45",
    "instore_name": "BANQUET OFFICE",
    "instore_id": "36",
    "sys_id": "56329401d539ec75334de58a"
  },
  {
    "store_id": "5620fc45d539ec78c686ae45",
    "instore_name": "PARKING",
    "instore_id": "37",
    "sys_id": "56329401d539ec75334de58b"
  },
  {
    "store_id": "5620fc45d539ec78c686ae45",
    "instore_name": "CASHIER",
    "instore_id": "38",
    "sys_id": "56329401d539ec75334de58c"
  },
  {
    "store_id": "5620fc45d539ec78c686ae45",
    "instore_name": "MANAGER",
    "instore_id": "40",
    "sys_id": "56329401d539ec75334de58d"
  },
  {
    "store_id": "5620fc45d539ec78c686ae45",
    "instore_name": "DINNER BUSSER",
    "instore_id": "41",
    "sys_id": "56329401d539ec75334de58e"
  },
  {
    "store_id": "5620fc45d539ec78c686ae45",
    "instore_name": "RUNNER BUSSER",
    "instore_id": "42",
    "sys_id": "56329401d539ec75334de58f"
  },
  {
    "store_id": "5620fc45d539ec78c686ae45",
    "instore_name": "DINING ROOM MGR",
    "instore_id": "43",
    "sys_id": "56329401d539ec75334de590"
  },
  {
    "store_id": "5620fc45d539ec78c686ae45",
    "instore_name": "KITCHEN MGR",
    "instore_id": "44",
    "sys_id": "56329401d539ec75334de591"
  },
  {
    "store_id": "5620fc45d539ec78c686ae45",
    "instore_name": "SERVER MEETING",
    "instore_id": "45",
    "sys_id": "56329401d539ec75334de592"
  },
  {
    "store_id": "5620fc45d539ec78c686ae45",
    "instore_name": "Bar 2",
    "instore_id": "46",
    "sys_id": "56329401d539ec75334de593"
  },
  {
    "store_id": "5620fc45d539ec78c686ae45",
    "instore_name": "TO GO",
    "instore_id": "70",
    "sys_id": "56329402dffa2e66173474fb"
  },
  {
    "store_id": "564661e47fe72126853a3934",
    "instore_name": "DINING ROOM MANAGER",
    "instore_id": "10",
    "sys_id": "5715887818fa3569da9cdbad"
  },
  {
    "store_id": "564661e47fe72126853a3934",
    "instore_name": "KITCHEN MANAGER",
    "instore_id": "11",
    "sys_id": "5715887818fa3569da9cdbae"
  },
  {
    "store_id": "564661e47fe72126853a3934",
    "instore_name": "DELI MANAGER",
    "instore_id": "12",
    "sys_id": "5715887818fa3569da9cdbaf"
  },
  {
    "store_id": "564661e47fe72126853a3934",
    "instore_name": "HOST",
    "instore_id": "15",
    "sys_id": "5715887818fa3569da9cdbb0"
  },
  {
    "store_id": "564661e47fe72126853a3934",
    "instore_name": "SERVER",
    "instore_id": "20",
    "sys_id": "5715887818fa3569da9cdbb1"
  },
  {
    "store_id": "564661e47fe72126853a3934",
    "instore_name": "BAR SERVER",
    "instore_id": "21",
    "sys_id": "5715887818fa3569da9cdbb2"
  },
  {
    "store_id": "564661e47fe72126853a3934",
    "instore_name": "Office",
    "instore_id": "24",
    "sys_id": "5715887818fa3569da9cdbb3"
  },
  {
    "store_id": "564661e47fe72126853a3934",
    "instore_name": "EXPO",
    "instore_id": "25",
    "sys_id": "5715887818fa3569da9cdbb4"
  },
  {
    "store_id": "564661e47fe72126853a3934",
    "instore_name": "BARTENDER",
    "instore_id": "30",
    "sys_id": "5715887818fa3569da9cdbb5"
  },
  {
    "store_id": "564661e47fe72126853a3934",
    "instore_name": "BAR2",
    "instore_id": "31",
    "sys_id": "5715887818fa3569da9cdbb6"
  },
  {
    "store_id": "564661e47fe72126853a3934",
    "instore_name": "BUSSER",
    "instore_id": "40",
    "sys_id": "5715887818fa3569da9cdbb7"
  },
  {
    "store_id": "564661e47fe72126853a3934",
    "instore_name": "COOKS",
    "instore_id": "50",
    "sys_id": "5715887818fa3569da9cdbb8"
  },
  {
    "store_id": "564661e47fe72126853a3934",
    "instore_name": "DISHWASHER",
    "instore_id": "60",
    "sys_id": "5715887818fa3569da9cdbb9"
  },
  {
    "store_id": "564661e47fe72126853a3934",
    "instore_name": "TO GO",
    "instore_id": "70",
    "sys_id": "5715887818fa3569da9cdbba"
  },
  {
    "store_id": "564661e47fe72126853a3934",
    "instore_name": "DELI CASHIER",
    "instore_id": "80",
    "sys_id": "5715887818fa3569da9cdbbb"
  },
  {
    "store_id": "564661e47fe72126853a3934",
    "instore_name": "DELI",
    "instore_id": "81",
    "sys_id": "5715887818fa3569da9cdbbc"
  },
  {
    "store_id": "564661e47fe72126853a3934",
    "instore_name": "FOODRUNNER",
    "instore_id": "90",
    "sys_id": "5715887818fa3569da9cdbbd"
  },
  {
    "store_id": "564661e47fe72126853a3934",
    "instore_name": "SERVER TRAINER",
    "instore_id": "94",
    "sys_id": "5715887818fa3569da9cdbbe"
  },
  {
    "store_id": "564661e47fe72126853a3934",
    "instore_name": "SERVER TRAINING",
    "instore_id": "95",
    "sys_id": "5715887818fa3569da9cdbbf"
  },
  {
    "store_id": "564661e47fe72126853a3934",
    "instore_name": "CLEANER",
    "instore_id": "96",
    "sys_id": "5715887818fa3569da9cdbc0"
  }
]
