[
  {
    "ended_at": "2015-07-06T06:53:00.000Z",
    "store_id": "557605fc4c32e071180a4604",
    "business_day": "2015-07-06",
    "store_reference": {
      "id": "2209",
      "name": "starz_sioux_falls"
    },
    "job_reference": {
      "id": "30",
      "name": "Cleaner"
    },
    "employee_id": "55c4eaaf4c32e025323345c4",
    "employee_reference": {
      "id": "865",
      "name": "Hernandez Reyna"
    },
    "job_id": "55c4ea95c28eda0378591fa4",
    "started_at": "2015-07-06T05:14:00.000Z",
    "regular_rate": {
      "value": 1000,
      "code": "USD",
      "scale": 2
    },
    "sys_id": "55c4eacdc28eda0378592073"
  },
  {
    "ended_at": "2015-07-06T10:45:00.000Z",
    "store_id": "557605fc4c32e071180a4604",
    "business_day": "2015-07-06",
    "store_reference": {
      "id": "2209",
      "name": "starz_sioux_falls"
    },
    "job_reference": {
      "id": "55",
      "name": "Cook"
    },
    "employee_id": "55c4eabd4c32e025323345f3",
    "employee_reference": {
      "id": "256",
      "name": "Carlos Mariscal"
    },
    "job_id": "55c4ea954c32e0253233455f",
    "started_at": "2015-07-06T07:02:00.000Z",
    "regular_rate": {
      "value": 1200,
      "code": "USD",
      "scale": 2
    },
    "sys_id": "55c4eacdc28eda0378592074"
  },
  {
    "ended_at": "2015-07-06T10:45:00.000Z",
    "store_id": "557605fc4c32e071180a4604",
    "business_day": "2015-07-06",
    "store_reference": {
      "id": "2209",
      "name": "starz_sioux_falls"
    },
    "job_reference": {
      "id": "29",
      "name": "Bartender"
    },
    "employee_id": "55c4eaa14c32e0253233458c",
    "employee_reference": {
      "id": "1025",
      "name": "Chelsey Coffee"
    },
    "job_id": "55c4ea95d539ec3ef23618ad",
    "started_at": "2015-07-06T10:22:00.000Z",
    "regular_rate": {
      "value": 425,
      "code": "USD",
      "scale": 2
    },
    "sys_id": "55c4eacd4c32e0253233462a"
  },
  {
    "ended_at": "2015-07-14T20:58:00.000Z",
    "store_id": "557605fc4c32e071180a4604",
    "business_day": "2015-07-14",
    "store_reference": {
      "id": "2209",
      "name": "starz_sioux_falls"
    },
    "job_reference": {
      "id": "10",
      "name": "Manager"
    },
    "employee_id": "55c4ea9cda31494548f47cf0",
    "employee_reference": {
      "id": "3762",
      "name": "Kahla Hudek"
    },
    "job_id": "55c4ea95da31494548f47cd3",
    "started_at": "2015-07-14T16:05:00.000Z",
    "regular_rate": {
      "value": 1200,
      "code": "USD",
      "scale": 2
    },
    "sys_id": "55c506e7da31494548f4ae21"
  },
  {
    "ended_at": "2015-07-14T20:57:00.000Z",
    "store_id": "557605fc4c32e071180a4604",
    "business_day": "2015-07-14",
    "store_reference": {
      "id": "2209",
      "name": "starz_sioux_falls"
    },
    "job_reference": {
      "id": "10",
      "name": "Manager"
    },
    "employee_id": "55c4ea9c4c32e02532334578",
    "employee_reference": {
      "id": "8353",
      "name": "Ryan Pederson"
    },
    "job_id": "55c4ea95da31494548f47cd3",
    "started_at": "2015-07-14T08:57:00.000Z",
    "regular_rate": {
      "value": 0,
      "code": "USD",
      "scale": 2
    },
    "sys_id": "55c506e74c32e025323379ed"
  },
  {
    "ended_at": "2015-07-14T19:03:00.000Z",
    "store_id": "557605fc4c32e071180a4604",
    "business_day": "2015-07-14",
    "store_reference": {
      "id": "2209",
      "name": "starz_sioux_falls"
    },
    "job_reference": {
      "id": "18",
      "name": "Hostess"
    },
    "employee_id": "55c4ea98d539ec3ef23618b1",
    "employee_reference": {
      "id": "5194",
      "name": "Kallista Story"
    },
    "job_id": "55c4ea954c32e0253233455e",
    "started_at": "2015-07-14T17:24:00.000Z",
    "regular_rate": {
      "value": 725,
      "code": "USD",
      "scale": 2
    },
    "sys_id": "55c506e7a0143e49052859e3"
  },
  {
    "ended_at": "2015-07-14T08:04:00.000Z",
    "store_id": "557605fc4c32e071180a4604",
    "business_day": "2015-07-14",
    "store_reference": {
      "id": "2209",
      "name": "starz_sioux_falls"
    },
    "job_reference": {
      "id": "30",
      "name": "Cleaner"
    },
    "employee_id": "55c4eaaf4c32e025323345c4",
    "employee_reference": {
      "id": "865",
      "name": "Hernandez Reyna"
    },
    "job_id": "55c4ea95c28eda0378591fa4",
    "started_at": "2015-07-14T05:34:00.000Z",
    "regular_rate": {
      "value": 1000,
      "code": "USD",
      "scale": 2
    },
    "sys_id": "55c506e7c28eda0378595105"
  },
  {
    "ended_at": "2015-07-14T13:32:00.000Z",
    "store_id": "557605fc4c32e071180a4604",
    "business_day": "2015-07-14",
    "store_reference": {
      "id": "2209",
      "name": "starz_sioux_falls"
    },
    "job_reference": {
      "id": "20",
      "name": "Server"
    },
    "employee_id": "55c4eac1c28eda037859204f",
    "employee_reference": {
      "id": "5688",
      "name": "Anna Kramer"
    },
    "job_id": "55c4ea95a0143e4905282d16",
    "started_at": "2015-07-14T11:07:00.000Z",
    "regular_rate": {
      "value": 425,
      "code": "USD",
      "scale": 2
    },
    "sys_id": "55c506e7d539ec3ef2364ae4"
  },
  {
    "ended_at": "2015-07-14T22:50:00.000Z",
    "store_id": "557605fc4c32e071180a4604",
    "business_day": "2015-07-14",
    "store_reference": {
      "id": "2209",
      "name": "starz_sioux_falls"
    },
    "job_reference": {
      "id": "55",
      "name": "Cook"
    },
    "employee_id": "55c4eaca4c32e02532334626",
    "employee_reference": {
      "id": "2411",
      "name": "Eric Hopewell"
    },
    "job_id": "55c4ea954c32e0253233455f",
    "started_at": "2015-07-14T16:30:00.000Z",
    "regular_rate": {
      "value": 1100,
      "code": "USD",
      "scale": 2
    },
    "sys_id": "55c506e8da31494548f4ae25"
  },
  {
    "ended_at": "2015-07-14T19:04:00.000Z",
    "store_id": "557605fc4c32e071180a4604",
    "business_day": "2015-07-14",
    "store_reference": {
      "id": "2209",
      "name": "starz_sioux_falls"
    },
    "job_reference": {
      "id": "20",
      "name": "Server"
    },
    "employee_id": "55c4ea97da31494548f47cdc",
    "employee_reference": {
      "id": "790",
      "name": "Theodora may Parker"
    },
    "job_id": "55c4ea95a0143e4905282d16",
    "started_at": "2015-07-14T16:55:00.000Z",
    "regular_rate": {
      "value": 425,
      "code": "USD",
      "scale": 2
    },
    "sys_id": "55c506e84c32e025323379fd"
  },
  {
    "ended_at": "2015-07-14T21:24:00.000Z",
    "store_id": "557605fc4c32e071180a4604",
    "business_day": "2015-07-14",
    "store_reference": {
      "id": "2209",
      "name": "starz_sioux_falls"
    },
    "job_reference": {
      "id": "20",
      "name": "Server"
    },
    "employee_id": "55c4ea97a0143e4905282d20",
    "employee_reference": {
      "id": "7506",
      "name": "Natasha jo Simonson"
    },
    "job_id": "55c4ea95a0143e4905282d16",
    "started_at": "2015-07-14T17:31:00.000Z",
    "regular_rate": {
      "value": 425,
      "code": "USD",
      "scale": 2
    },
    "sys_id": "55c506e8a0143e49052859e7"
  },
  {
    "ended_at": "2015-07-14T13:25:00.000Z",
    "store_id": "557605fc4c32e071180a4604",
    "business_day": "2015-07-14",
    "store_reference": {
      "id": "2209",
      "name": "starz_sioux_falls"
    },
    "job_reference": {
      "id": "20",
      "name": "Server"
    },
    "employee_id": "55c4eabcda31494548f47d41",
    "employee_reference": {
      "id": "842",
      "name": "Samantha Singley"
    },
    "job_id": "55c4ea95a0143e4905282d16",
    "started_at": "2015-07-14T11:33:00.000Z",
    "regular_rate": {
      "value": 425,
      "code": "USD",
      "scale": 2
    },
    "sys_id": "55c506e8c28eda0378595109"
  },
  {
    "ended_at": "2015-07-14T16:16:00.000Z",
    "store_id": "557605fc4c32e071180a4604",
    "business_day": "2015-07-14",
    "store_reference": {
      "id": "2209",
      "name": "starz_sioux_falls"
    },
    "job_reference": {
      "id": "29",
      "name": "Bartender"
    },
    "employee_id": "55c4eaa14c32e0253233458c",
    "employee_reference": {
      "id": "1025",
      "name": "Chelsey Coffee"
    },
    "job_id": "55c4ea95d539ec3ef23618ad",
    "started_at": "2015-07-14T10:18:00.000Z",
    "regular_rate": {
      "value": 425,
      "code": "USD",
      "scale": 2
    },
    "sys_id": "55c506e8d539ec3ef2364aef"
  },
  {
    "ended_at": "2015-07-14T21:13:00.000Z",
    "store_id": "557605fc4c32e071180a4604",
    "business_day": "2015-07-14",
    "store_reference": {
      "id": "2209",
      "name": "starz_sioux_falls"
    },
    "job_reference": {
      "id": "55",
      "name": "Cook"
    },
    "employee_id": "55c4eab9c28eda0378592032",
    "employee_reference": {
      "id": "122",
      "name": "Vern Olsen"
    },
    "job_id": "55c4ea954c32e0253233455f",
    "started_at": "2015-07-14T17:05:00.000Z",
    "regular_rate": {
      "value": 1000,
      "code": "USD",
      "scale": 2
    },
    "sys_id": "55c506e9da31494548f4ae26"
  },
  {
    "ended_at": "2015-07-14T01:13:00.000Z",
    "store_id": "557605fc4c32e071180a4604",
    "business_day": "2015-07-14",
    "store_reference": {
      "id": "2209",
      "name": "starz_sioux_falls"
    },
    "job_reference": {
      "id": "29",
      "name": "Bartender"
    },
    "employee_id": "55c4eab5da31494548f47d35",
    "employee_reference": {
      "id": "268",
      "name": "Trecia J Rickenbach"
    },
    "job_id": "55c4ea95d539ec3ef23618ad",
    "started_at": "2015-07-14T15:59:00.000Z",
    "regular_rate": {
      "value": 525,
      "code": "USD",
      "scale": 2
    },
    "sys_id": "55c506e94c32e02532337a0c"
  },
  {
    "ended_at": "2015-07-14T21:33:00.000Z",
    "store_id": "557605fc4c32e071180a4604",
    "business_day": "2015-07-14",
    "store_reference": {
      "id": "2209",
      "name": "starz_sioux_falls"
    },
    "job_reference": {
      "id": "60",
      "name": "Dish"
    },
    "employee_id": "55c4eac84c32e02532334623",
    "employee_reference": {
      "id": "1003",
      "name": "Yesica Mazariego"
    },
    "job_id": "55c4ea95c28eda0378591fa2",
    "started_at": "2015-07-14T14:57:00.000Z",
    "regular_rate": {
      "value": 850,
      "code": "USD",
      "scale": 2
    },
    "sys_id": "55c506e9a0143e49052859ec"
  },
  {
    "ended_at": "2015-07-14T15:46:00.000Z",
    "store_id": "557605fc4c32e071180a4604",
    "business_day": "2015-07-14",
    "store_reference": {
      "id": "2209",
      "name": "starz_sioux_falls"
    },
    "job_reference": {
      "id": "55",
      "name": "Cook"
    },
    "employee_id": "55c4eabd4c32e025323345f3",
    "employee_reference": {
      "id": "256",
      "name": "Carlos Mariscal"
    },
    "job_id": "55c4ea954c32e0253233455f",
    "started_at": "2015-07-14T07:08:00.000Z",
    "regular_rate": {
      "value": 1200,
      "code": "USD",
      "scale": 2
    },
    "sys_id": "55c506e9c28eda037859510d"
  },
  {
    "ended_at": "2015-07-14T08:04:00.000Z",
    "store_id": "557605fc4c32e071180a4604",
    "business_day": "2015-07-14",
    "store_reference": {
      "id": "2209",
      "name": "starz_sioux_falls"
    },
    "job_reference": {
      "id": "30",
      "name": "Cleaner"
    },
    "employee_id": "55c4eab54c32e025323345e0",
    "employee_reference": {
      "id": "900",
      "name": "Ever Hernandez"
    },
    "job_id": "55c4ea95c28eda0378591fa4",
    "started_at": "2015-07-14T05:34:00.000Z",
    "regular_rate": {
      "value": 1000,
      "code": "USD",
      "scale": 2
    },
    "sys_id": "55c506e9d539ec3ef2364af6"
  },
  {
    "ended_at": "2015-07-14T03:15:00.000Z",
    "store_id": "557605fc4c32e071180a4604",
    "business_day": "2015-07-14",
    "store_reference": {
      "id": "2209",
      "name": "starz_sioux_falls"
    },
    "job_reference": {
      "id": "10",
      "name": "Manager"
    },
    "employee_id": "55c4eab0c28eda0378592013",
    "employee_reference": {
      "id": "654",
      "name": "master Queen Master Queen"
    },
    "job_id": "55c4ea95da31494548f47cd3",
    "started_at": "2015-07-14T21:19:00.000Z",
    "regular_rate": {
      "value": 0,
      "code": "USD",
      "scale": 2
    },
    "sys_id": "55c506e9da31494548f4ae2b"
  },
  {
    "ended_at": "2015-07-20T07:56:00.000Z",
    "store_id": "557605fc4c32e071180a4604",
    "business_day": "2015-07-20",
    "store_reference": {
      "id": "2209",
      "name": "starz_sioux_falls"
    },
    "job_reference": {
      "id": "30",
      "name": "Cleaner"
    },
    "employee_id": "55c4eab54c32e025323345e0",
    "employee_reference": {
      "id": "900",
      "name": "Ever Hernandez"
    },
    "job_id": "55c4ea95c28eda0378591fa4",
    "started_at": "2015-07-20T05:12:00.000Z",
    "regular_rate": {
      "value": 1000,
      "code": "USD",
      "scale": 2
    },
    "sys_id": "55c506ea4c32e02532337a1a"
  },
  {
    "ended_at": "2015-07-20T07:54:00.000Z",
    "store_id": "557605fc4c32e071180a4604",
    "business_day": "2015-07-20",
    "store_reference": {
      "id": "2209",
      "name": "starz_sioux_falls"
    },
    "job_reference": {
      "id": "30",
      "name": "Cleaner"
    },
    "employee_id": "55c4eaaf4c32e025323345c4",
    "employee_reference": {
      "id": "865",
      "name": "Hernandez Reyna"
    },
    "job_id": "55c4ea95c28eda0378591fa4",
    "started_at": "2015-07-20T05:12:00.000Z",
    "regular_rate": {
      "value": 1000,
      "code": "USD",
      "scale": 2
    },
    "sys_id": "55c506eaa0143e49052859ef"
  },
  {
    "ended_at": "2015-07-20T19:55:00.000Z",
    "store_id": "557605fc4c32e071180a4604",
    "business_day": "2015-07-20",
    "store_reference": {
      "id": "2209",
      "name": "starz_sioux_falls"
    },
    "job_reference": {
      "id": "55",
      "name": "Cook"
    },
    "employee_id": "55c4eac9da31494548f47d63",
    "employee_reference": {
      "id": "3326",
      "name": "William Nick Gamber"
    },
    "job_id": "55c4ea954c32e0253233455f",
    "started_at": "2015-07-20T16:46:00.000Z",
    "regular_rate": {
      "value": 900,
      "code": "USD",
      "scale": 2
    },
    "sys_id": "55c506eac28eda0378595110"
  },
  {
    "ended_at": "2015-07-20T03:15:00.000Z",
    "store_id": "557605fc4c32e071180a4604",
    "business_day": "2015-07-20",
    "store_reference": {
      "id": "2209",
      "name": "starz_sioux_falls"
    },
    "job_reference": {
      "id": "10",
      "name": "Manager"
    },
    "employee_id": "55c4ea9ac28eda0378591fb0",
    "employee_reference": {
      "id": "3553",
      "name": "Justin Heath"
    },
    "job_id": "55c4ea95da31494548f47cd3",
    "started_at": "2015-07-20T18:21:00.000Z",
    "regular_rate": {
      "value": 0,
      "code": "USD",
      "scale": 2
    },
    "sys_id": "55c506ead539ec3ef2364b01"
  },
  {
    "ended_at": "2015-07-20T16:29:00.000Z",
    "store_id": "557605fc4c32e071180a4604",
    "business_day": "2015-07-20",
    "store_reference": {
      "id": "2209",
      "name": "starz_sioux_falls"
    },
    "job_reference": {
      "id": "29",
      "name": "Bartender"
    },
    "employee_id": "55c4eaa14c32e0253233458c",
    "employee_reference": {
      "id": "1025",
      "name": "Chelsey Coffee"
    },
    "job_id": "55c4ea95d539ec3ef23618ad",
    "started_at": "2015-07-20T10:11:00.000Z",
    "regular_rate": {
      "value": 425,
      "code": "USD",
      "scale": 2
    },
    "sys_id": "55c506eada31494548f4ae30"
  },
  {
    "ended_at": "2015-07-20T15:59:00.000Z",
    "store_id": "557605fc4c32e071180a4604",
    "business_day": "2015-07-20",
    "store_reference": {
      "id": "2209",
      "name": "starz_sioux_falls"
    },
    "job_reference": {
      "id": "10",
      "name": "Manager"
    },
    "employee_id": "55c4ea9cda31494548f47cf0",
    "employee_reference": {
      "id": "3762",
      "name": "Kahla Hudek"
    },
    "job_id": "55c4ea95da31494548f47cd3",
    "started_at": "2015-07-20T14:15:00.000Z",
    "regular_rate": {
      "value": 1200,
      "code": "USD",
      "scale": 2
    },
    "sys_id": "55c506eb4c32e02532337a2a"
  },
  {
    "ended_at": "2015-07-20T22:19:00.000Z",
    "store_id": "557605fc4c32e071180a4604",
    "business_day": "2015-07-20",
    "store_reference": {
      "id": "2209",
      "name": "starz_sioux_falls"
    },
    "job_reference": {
      "id": "20",
      "name": "Server"
    },
    "employee_id": "55c4eacaa0143e4905282d8e",
    "employee_reference": {
      "id": "7714",
      "name": "Sarah Stevens"
    },
    "job_id": "55c4ea95a0143e4905282d16",
    "started_at": "2015-07-20T17:35:00.000Z",
    "regular_rate": {
      "value": 425,
      "code": "USD",
      "scale": 2
    },
    "sys_id": "55c506eba0143e49052859f3"
  },
  {
    "ended_at": "2015-07-20T21:14:00.000Z",
    "store_id": "557605fc4c32e071180a4604",
    "business_day": "2015-07-20",
    "store_reference": {
      "id": "2209",
      "name": "starz_sioux_falls"
    },
    "job_reference": {
      "id": "20",
      "name": "Server"
    },
    "employee_id": "55c4eac8da31494548f47d62",
    "employee_reference": {
      "id": "3617",
      "name": "Julia Wicks"
    },
    "job_id": "55c4ea95a0143e4905282d16",
    "started_at": "2015-07-20T16:54:00.000Z",
    "regular_rate": {
      "value": 425,
      "code": "USD",
      "scale": 2
    },
    "sys_id": "55c506ebc28eda0378595113"
  },
  {
    "ended_at": "2015-07-20T21:04:00.000Z",
    "store_id": "557605fc4c32e071180a4604",
    "business_day": "2015-07-20",
    "store_reference": {
      "id": "2209",
      "name": "starz_sioux_falls"
    },
    "job_reference": {
      "id": "20",
      "name": "Server"
    },
    "employee_id": "55c4ea97a0143e4905282d20",
    "employee_reference": {
      "id": "7506",
      "name": "Natasha jo Simonson"
    },
    "job_id": "55c4ea95a0143e4905282d16",
    "started_at": "2015-07-20T17:29:00.000Z",
    "regular_rate": {
      "value": 425,
      "code": "USD",
      "scale": 2
    },
    "sys_id": "55c506ebd539ec3ef2364b09"
  },
  {
    "ended_at": "2015-07-20T03:15:00.000Z",
    "store_id": "557605fc4c32e071180a4604",
    "business_day": "2015-07-20",
    "store_reference": {
      "id": "2209",
      "name": "starz_sioux_falls"
    },
    "job_reference": {
      "id": "10",
      "name": "Manager"
    },
    "employee_id": "55c4ea9c4c32e02532334578",
    "employee_reference": {
      "id": "8353",
      "name": "Ryan Pederson"
    },
    "job_id": "55c4ea95da31494548f47cd3",
    "started_at": "2015-07-20T13:14:00.000Z",
    "regular_rate": {
      "value": 0,
      "code": "USD",
      "scale": 2
    },
    "sys_id": "55c506ebda31494548f4ae35"
  },
  {
    "ended_at": "2015-07-20T17:08:00.000Z",
    "store_id": "557605fc4c32e071180a4604",
    "business_day": "2015-07-20",
    "store_reference": {
      "id": "2209",
      "name": "starz_sioux_falls"
    },
    "job_reference": {
      "id": "20",
      "name": "Server"
    },
    "employee_id": "55c4ea97da31494548f47cdc",
    "employee_reference": {
      "id": "790",
      "name": "Theodora may Parker"
    },
    "job_id": "55c4ea95a0143e4905282d16",
    "started_at": "2015-07-20T17:03:00.000Z",
    "regular_rate": {
      "value": 425,
      "code": "USD",
      "scale": 2
    },
    "sys_id": "55c506ec4c32e02532337a30"
  },
  {
    "ended_at": "2015-07-20T22:08:00.000Z",
    "store_id": "557605fc4c32e071180a4604",
    "business_day": "2015-07-20",
    "store_reference": {
      "id": "2209",
      "name": "starz_sioux_falls"
    },
    "job_reference": {
      "id": "55",
      "name": "Cook"
    },
    "employee_id": "55c4ea974c32e02532334564",
    "employee_reference": {
      "id": "6874",
      "name": "Aaron Wenzel"
    },
    "job_id": "55c4ea954c32e0253233455f",
    "started_at": "2015-07-20T16:04:00.000Z",
    "regular_rate": {
      "value": 1050,
      "code": "USD",
      "scale": 2
    },
    "sys_id": "55c506eca0143e49052859f8"
  },
  {
    "ended_at": "2015-07-20T21:46:00.000Z",
    "store_id": "557605fc4c32e071180a4604",
    "business_day": "2015-07-20",
    "store_reference": {
      "id": "2209",
      "name": "starz_sioux_falls"
    },
    "job_reference": {
      "id": "60",
      "name": "Dish"
    },
    "employee_id": "55c4eac84c32e02532334623",
    "employee_reference": {
      "id": "1003",
      "name": "Yesica Mazariego"
    },
    "job_id": "55c4ea95c28eda0378591fa2",
    "started_at": "2015-07-20T16:59:00.000Z",
    "regular_rate": {
      "value": 850,
      "code": "USD",
      "scale": 2
    },
    "sys_id": "55c506ecc28eda0378595118"
  },
  {
    "ended_at": "2015-07-20T13:36:00.000Z",
    "store_id": "557605fc4c32e071180a4604",
    "business_day": "2015-07-20",
    "store_reference": {
      "id": "2209",
      "name": "starz_sioux_falls"
    },
    "job_reference": {
      "id": "20",
      "name": "Server"
    },
    "employee_id": "55c4eabcda31494548f47d41",
    "employee_reference": {
      "id": "842",
      "name": "Samantha Singley"
    },
    "job_id": "55c4ea95a0143e4905282d16",
    "started_at": "2015-07-20T11:05:00.000Z",
    "regular_rate": {
      "value": 425,
      "code": "USD",
      "scale": 2
    },
    "sys_id": "55c506ecd539ec3ef2364b12"
  },
  {
    "ended_at": "2015-07-20T00:00:00.000Z",
    "store_id": "557605fc4c32e071180a4604",
    "business_day": "2015-07-20",
    "store_reference": {
      "id": "2209",
      "name": "starz_sioux_falls"
    },
    "job_reference": {
      "id": "29",
      "name": "Bartender"
    },
    "employee_id": "55c4eab5da31494548f47d35",
    "employee_reference": {
      "id": "268",
      "name": "Trecia J Rickenbach"
    },
    "job_id": "55c4ea95d539ec3ef23618ad",
    "started_at": "2015-07-20T15:57:00.000Z",
    "regular_rate": {
      "value": 525,
      "code": "USD",
      "scale": 2
    },
    "sys_id": "55c506ecda31494548f4ae38"
  },
  {
    "ended_at": "2015-07-20T15:00:00.000Z",
    "store_id": "557605fc4c32e071180a4604",
    "business_day": "2015-07-20",
    "store_reference": {
      "id": "2209",
      "name": "starz_sioux_falls"
    },
    "job_reference": {
      "id": "55",
      "name": "Cook"
    },
    "employee_id": "55c4eabd4c32e025323345f3",
    "employee_reference": {
      "id": "256",
      "name": "Carlos Mariscal"
    },
    "job_id": "55c4ea954c32e0253233455f",
    "started_at": "2015-07-20T07:43:00.000Z",
    "regular_rate": {
      "value": 1200,
      "code": "USD",
      "scale": 2
    },
    "sys_id": "55c506ed4c32e02532337a39"
  },
  {
    "ended_at": "2015-08-06T13:29:00.000Z",
    "store_id": "557605fc4c32e071180a4604",
    "business_day": "2015-08-06",
    "store_reference": {
      "id": "2209",
      "name": "starz_sioux_falls"
    },
    "job_reference": {
      "id": "55",
      "name": "Cook"
    },
    "employee_id": "55c4eaa1c28eda0378591fd1",
    "employee_reference": {
      "id": "169",
      "name": "Jacob Samp"
    },
    "job_id": "55c4ea954c32e0253233455f",
    "started_at": "2015-08-06T10:56:00.000Z",
    "regular_rate": {
      "value": 1000,
      "code": "USD",
      "scale": 2
    },
    "sys_id": "55c506eda0143e49052859fe"
  },
  {
    "ended_at": "2015-08-06T17:15:00.000Z",
    "store_id": "557605fc4c32e071180a4604",
    "business_day": "2015-08-06",
    "store_reference": {
      "id": "2209",
      "name": "starz_sioux_falls"
    },
    "job_reference": {
      "id": "29",
      "name": "Bartender"
    },
    "employee_id": "55c4eab5da31494548f47d35",
    "employee_reference": {
      "id": "268",
      "name": "Trecia J Rickenbach"
    },
    "job_id": "55c4ea95d539ec3ef23618ad",
    "started_at": "2015-08-06T15:56:00.000Z",
    "regular_rate": {
      "value": 525,
      "code": "USD",
      "scale": 2
    },
    "sys_id": "55c506edc28eda0378595120"
  },
  {
    "ended_at": "2015-08-06T14:40:00.000Z",
    "store_id": "557605fc4c32e071180a4604",
    "business_day": "2015-08-06",
    "store_reference": {
      "id": "2209",
      "name": "starz_sioux_falls"
    },
    "job_reference": {
      "id": "20",
      "name": "Server"
    },
    "employee_id": "55c4ea9a4c32e0253233456f",
    "employee_reference": {
      "id": "601",
      "name": "Baillie Willliams"
    },
    "job_id": "55c4ea95a0143e4905282d16",
    "started_at": "2015-08-06T10:54:00.000Z",
    "regular_rate": {
      "value": 425,
      "code": "USD",
      "scale": 2
    },
    "sys_id": "55c506edd539ec3ef2364b1c"
  },
  {
    "ended_at": "2015-08-06T17:15:00.000Z",
    "store_id": "557605fc4c32e071180a4604",
    "business_day": "2015-08-06",
    "store_reference": {
      "id": "2209",
      "name": "starz_sioux_falls"
    },
    "job_reference": {
      "id": "10",
      "name": "Manager"
    },
    "employee_id": "55c4eab0c28eda0378592013",
    "employee_reference": {
      "id": "654",
      "name": "master Queen Master Queen"
    },
    "job_id": "55c4ea95da31494548f47cd3",
    "started_at": "2015-08-06T10:57:00.000Z",
    "regular_rate": {
      "value": 0,
      "code": "USD",
      "scale": 2
    },
    "sys_id": "55c506edda31494548f4ae3d"
  },
  {
    "ended_at": "2015-08-06T17:15:00.000Z",
    "store_id": "557605fc4c32e071180a4604",
    "business_day": "2015-08-06",
    "store_reference": {
      "id": "2209",
      "name": "starz_sioux_falls"
    },
    "job_reference": {
      "id": "60",
      "name": "Dish"
    },
    "employee_id": "55c4eac84c32e02532334623",
    "employee_reference": {
      "id": "1003",
      "name": "Yesica Mazariego"
    },
    "job_id": "55c4ea95c28eda0378591fa2",
    "started_at": "2015-08-06T14:58:00.000Z",
    "regular_rate": {
      "value": 850,
      "code": "USD",
      "scale": 2
    },
    "sys_id": "55c506ee4c32e02532337a43"
  },
  {
    "ended_at": "2015-08-06T17:15:00.000Z",
    "store_id": "557605fc4c32e071180a4604",
    "business_day": "2015-08-06",
    "store_reference": {
      "id": "2209",
      "name": "starz_sioux_falls"
    },
    "job_reference": {
      "id": "20",
      "name": "Server"
    },
    "employee_id": "55c4eaa14c32e0253233458c",
    "employee_reference": {
      "id": "1025",
      "name": "Chelsey Coffee"
    },
    "job_id": "55c4ea95a0143e4905282d16",
    "started_at": "2015-08-06T16:04:00.000Z",
    "regular_rate": {
      "value": 425,
      "code": "USD",
      "scale": 2
    },
    "sys_id": "55c506eea0143e4905285a05"
  },
  {
    "ended_at": "2015-08-06T14:34:00.000Z",
    "store_id": "557605fc4c32e071180a4604",
    "business_day": "2015-08-06",
    "store_reference": {
      "id": "2209",
      "name": "starz_sioux_falls"
    },
    "job_reference": {
      "id": "55",
      "name": "Cook"
    },
    "employee_id": "55c4eac9da31494548f47d63",
    "employee_reference": {
      "id": "3326",
      "name": "William Nick Gamber"
    },
    "job_id": "55c4ea954c32e0253233455f",
    "started_at": "2015-08-06T09:44:00.000Z",
    "regular_rate": {
      "value": 900,
      "code": "USD",
      "scale": 2
    },
    "sys_id": "55c506eec28eda037859512e"
  },
  {
    "ended_at": "2015-08-06T14:43:00.000Z",
    "store_id": "557605fc4c32e071180a4604",
    "business_day": "2015-08-06",
    "store_reference": {
      "id": "2209",
      "name": "starz_sioux_falls"
    },
    "job_reference": {
      "id": "20",
      "name": "Server"
    },
    "employee_id": "55c4eaa34c32e02532334593",
    "employee_reference": {
      "id": "5217",
      "name": "Kelly M Mclaughlin"
    },
    "job_id": "55c4ea95a0143e4905282d16",
    "started_at": "2015-08-06T11:31:00.000Z",
    "regular_rate": {
      "value": 425,
      "code": "USD",
      "scale": 2
    },
    "sys_id": "55c506eeda31494548f4ae44"
  },
  {
    "ended_at": "2015-08-06T14:40:00.000Z",
    "store_id": "557605fc4c32e071180a4604",
    "business_day": "2015-08-06",
    "store_reference": {
      "id": "2209",
      "name": "starz_sioux_falls"
    },
    "job_reference": {
      "id": "55",
      "name": "Cook"
    },
    "employee_id": "55c4ea974c32e02532334564",
    "employee_reference": {
      "id": "6874",
      "name": "Aaron Wenzel"
    },
    "job_id": "55c4ea954c32e0253233455f",
    "started_at": "2015-08-06T08:58:00.000Z",
    "regular_rate": {
      "value": 1050,
      "code": "USD",
      "scale": 2
    },
    "sys_id": "55c506eea0143e4905285a07"
  },
  {
    "ended_at": "2015-08-06T16:23:00.000Z",
    "store_id": "557605fc4c32e071180a4604",
    "business_day": "2015-08-06",
    "store_reference": {
      "id": "2209",
      "name": "starz_sioux_falls"
    },
    "job_reference": {
      "id": "29",
      "name": "Bartender"
    },
    "employee_id": "55c4ea97a0143e4905282d20",
    "employee_reference": {
      "id": "7506",
      "name": "Natasha jo Simonson"
    },
    "job_id": "55c4ea95d539ec3ef23618ad",
    "started_at": "2015-08-06T10:16:00.000Z",
    "regular_rate": {
      "value": 425,
      "code": "USD",
      "scale": 2
    },
    "sys_id": "55c506eeda31494548f4ae47"
  },
  {
    "ended_at": "2015-08-06T17:15:00.000Z",
    "store_id": "557605fc4c32e071180a4604",
    "business_day": "2015-08-06",
    "store_reference": {
      "id": "2209",
      "name": "starz_sioux_falls"
    },
    "job_reference": {
      "id": "55",
      "name": "Cook"
    },
    "employee_id": "55c4eab9c28eda0378592032",
    "employee_reference": {
      "id": "122",
      "name": "Vern Olsen"
    },
    "job_id": "55c4ea954c32e0253233455f",
    "started_at": "2015-08-06T17:03:00.000Z",
    "regular_rate": {
      "value": 1000,
      "code": "USD",
      "scale": 2
    },
    "sys_id": "55c506efda31494548f4ae49"
  },
  {
    "ended_at": "2015-08-06T17:15:00.000Z",
    "store_id": "557605fc4c32e071180a4604",
    "business_day": "2015-08-06",
    "store_reference": {
      "id": "2209",
      "name": "starz_sioux_falls"
    },
    "job_reference": {
      "id": "55",
      "name": "Cook"
    },
    "employee_id": "55c4eacbd539ec3ef23618f4",
    "employee_reference": {
      "id": "692",
      "name": "Reannon Monroy"
    },
    "job_id": "55c4ea954c32e0253233455f",
    "started_at": "2015-08-06T16:58:00.000Z",
    "regular_rate": {
      "value": 1000,
      "code": "USD",
      "scale": 2
    },
    "sys_id": "55c506efdffa2e7d014be9da"
  },
  {
    "ended_at": "2015-08-06T17:15:00.000Z",
    "store_id": "557605fc4c32e071180a4604",
    "business_day": "2015-08-06",
    "store_reference": {
      "id": "2209",
      "name": "starz_sioux_falls"
    },
    "job_reference": {
      "id": "20",
      "name": "Server"
    },
    "employee_id": "55c4eabcda31494548f47d41",
    "employee_reference": {
      "id": "842",
      "name": "Samantha Singley"
    },
    "job_id": "55c4ea95a0143e4905282d16",
    "started_at": "2015-08-06T17:02:00.000Z",
    "regular_rate": {
      "value": 425,
      "code": "USD",
      "scale": 2
    },
    "sys_id": "55c506efda31494548f4ae4b"
  },
  {
    "ended_at": "2015-08-06T17:15:00.000Z",
    "store_id": "557605fc4c32e071180a4604",
    "business_day": "2015-08-06",
    "store_reference": {
      "id": "2209",
      "name": "starz_sioux_falls"
    },
    "job_reference": {
      "id": "20",
      "name": "Server"
    },
    "employee_id": "55c4eac1c28eda037859204f",
    "employee_reference": {
      "id": "5688",
      "name": "Anna Kramer"
    },
    "job_id": "55c4ea95a0143e4905282d16",
    "started_at": "2015-08-06T17:09:00.000Z",
    "regular_rate": {
      "value": 425,
      "code": "USD",
      "scale": 2
    },
    "sys_id": "55c506efc28eda037859513d"
  },
  {
    "ended_at": "2015-08-07T14:39:00.000Z",
    "store_id": "557605fc4c32e071180a4604",
    "business_day": "2015-08-07",
    "store_reference": {
      "id": "2209",
      "name": "starz_sioux_falls"
    },
    "job_reference": {
      "id": "20",
      "name": "Server"
    },
    "employee_id": "55c4ea9a4c32e0253233456f",
    "employee_reference": {
      "id": "601",
      "name": "Baillie Willliams"
    },
    "job_id": "55c4ea95a0143e4905282d16",
    "started_at": "2015-08-07T11:30:00.000Z",
    "regular_rate": {
      "value": 425,
      "code": "USD",
      "scale": 2
    },
    "sys_id": "55c506f0da31494548f4ae4e"
  },
  {
    "ended_at": "2015-08-07T18:20:00.000Z",
    "store_id": "557605fc4c32e071180a4604",
    "business_day": "2015-08-07",
    "store_reference": {
      "id": "2209",
      "name": "starz_sioux_falls"
    },
    "job_reference": {
      "id": "10",
      "name": "Manager"
    },
    "employee_id": "55c4eab0c28eda0378592013",
    "employee_reference": {
      "id": "654",
      "name": "master Queen Master Queen"
    },
    "job_id": "55c4ea95da31494548f47cd3",
    "started_at": "2015-08-07T12:12:00.000Z",
    "regular_rate": {
      "value": 0,
      "code": "USD",
      "scale": 2
    },
    "sys_id": "55c506f0dffa2e7d014be9dd"
  },
  {
    "ended_at": "2015-08-07T18:20:00.000Z",
    "store_id": "557605fc4c32e071180a4604",
    "business_day": "2015-08-07",
    "store_reference": {
      "id": "2209",
      "name": "starz_sioux_falls"
    },
    "job_reference": {
      "id": "55",
      "name": "Cook"
    },
    "employee_id": "55c4eacbd539ec3ef23618f4",
    "employee_reference": {
      "id": "692",
      "name": "Reannon Monroy"
    },
    "job_id": "55c4ea954c32e0253233455f",
    "started_at": "2015-08-07T11:24:00.000Z",
    "regular_rate": {
      "value": 1000,
      "code": "USD",
      "scale": 2
    },
    "sys_id": "55c506f0da31494548f4ae4f"
  },
  {
    "ended_at": "2015-08-07T18:20:00.000Z",
    "store_id": "557605fc4c32e071180a4604",
    "business_day": "2015-08-07",
    "store_reference": {
      "id": "2209",
      "name": "starz_sioux_falls"
    },
    "job_reference": {
      "id": "20",
      "name": "Server"
    },
    "employee_id": "55c4eaa14c32e0253233458c",
    "employee_reference": {
      "id": "1025",
      "name": "Chelsey Coffee"
    },
    "job_id": "55c4ea95a0143e4905282d16",
    "started_at": "2015-08-07T16:02:00.000Z",
    "regular_rate": {
      "value": 425,
      "code": "USD",
      "scale": 2
    },
    "sys_id": "55c506f0d539ec3ef2364b35"
  },
  {
    "ended_at": "2015-08-07T14:06:00.000Z",
    "store_id": "557605fc4c32e071180a4604",
    "business_day": "2015-08-07",
    "store_reference": {
      "id": "2209",
      "name": "starz_sioux_falls"
    },
    "job_reference": {
      "id": "55",
      "name": "Cook"
    },
    "employee_id": "55c4eac9da31494548f47d63",
    "employee_reference": {
      "id": "3326",
      "name": "William Nick Gamber"
    },
    "job_id": "55c4ea954c32e0253233455f",
    "started_at": "2015-08-07T09:51:00.000Z",
    "regular_rate": {
      "value": 900,
      "code": "USD",
      "scale": 2
    },
    "sys_id": "55c506f0d539ec3ef2364b37"
  },
  {
    "ended_at": "2015-08-07T18:20:00.000Z",
    "store_id": "557605fc4c32e071180a4604",
    "business_day": "2015-08-07",
    "store_reference": {
      "id": "2209",
      "name": "starz_sioux_falls"
    },
    "job_reference": {
      "id": "55",
      "name": "Cook"
    },
    "employee_id": "55c4ea974c32e02532334564",
    "employee_reference": {
      "id": "6874",
      "name": "Aaron Wenzel"
    },
    "job_id": "55c4ea954c32e0253233455f",
    "started_at": "2015-08-07T16:32:00.000Z",
    "regular_rate": {
      "value": 1050,
      "code": "USD",
      "scale": 2
    },
    "sys_id": "55c506f1d539ec3ef2364b38"
  },
  {
    "ended_at": "2015-08-07T17:33:00.000Z",
    "store_id": "557605fc4c32e071180a4604",
    "business_day": "2015-08-07",
    "store_reference": {
      "id": "2209",
      "name": "starz_sioux_falls"
    },
    "job_reference": {
      "id": "29",
      "name": "Bartender"
    },
    "employee_id": "55c4eac8c28eda0378592067",
    "employee_reference": {
      "id": "8512",
      "name": "Alexa Reed"
    },
    "job_id": "55c4ea95d539ec3ef23618ad",
    "started_at": "2015-08-07T10:19:00.000Z",
    "regular_rate": {
      "value": 450,
      "code": "USD",
      "scale": 2
    },
    "sys_id": "55c506f1a0143e4905285a2c"
  },
  {
    "ended_at": "2015-08-07T14:34:00.000Z",
    "store_id": "557605fc4c32e071180a4604",
    "business_day": "2015-08-07",
    "store_reference": {
      "id": "2209",
      "name": "starz_sioux_falls"
    },
    "job_reference": {
      "id": "20",
      "name": "Server"
    },
    "employee_id": "55c4ea964c32e02532334561",
    "employee_reference": {
      "id": "9936",
      "name": "Lindsey J Jansma"
    },
    "job_id": "55c4ea95a0143e4905282d16",
    "started_at": "2015-08-07T11:02:00.000Z",
    "regular_rate": {
      "value": 425,
      "code": "USD",
      "scale": 2
    },
    "sys_id": "55c506f1c28eda037859514c"
  },
  {
    "ended_at": "2015-08-07T13:49:00.000Z",
    "store_id": "557605fc4c32e071180a4604",
    "business_day": "2015-08-07",
    "store_reference": {
      "id": "2209",
      "name": "starz_sioux_falls"
    },
    "job_reference": {
      "id": "55",
      "name": "Cook"
    },
    "employee_id": "55c4eacba0143e4905282d8f",
    "employee_reference": {
      "id": "9981",
      "name": "Darrell Blythe"
    },
    "job_id": "55c4ea954c32e0253233455f",
    "started_at": "2015-08-07T08:45:00.000Z",
    "regular_rate": {
      "value": 1000,
      "code": "USD",
      "scale": 2
    },
    "sys_id": "55c506f1c28eda037859514e"
  },
  {
    "ended_at": "2015-08-07T18:20:00.000Z",
    "store_id": "557605fc4c32e071180a4604",
    "business_day": "2015-08-07",
    "store_reference": {
      "id": "2209",
      "name": "starz_sioux_falls"
    },
    "job_reference": {
      "id": "29",
      "name": "Bartender"
    },
    "employee_id": "55c4eac94c32e02532334624",
    "employee_reference": {
      "id": "534",
      "name": "Micah Christensen"
    },
    "job_id": "55c4ea95d539ec3ef23618ad",
    "started_at": "2015-08-07T16:06:00.000Z",
    "regular_rate": {
      "value": 425,
      "code": "USD",
      "scale": 2
    },
    "sys_id": "55c52655c28eda03785962f0"
  },
  {
    "ended_at": "2015-08-07T18:20:00.000Z",
    "store_id": "557605fc4c32e071180a4604",
    "business_day": "2015-08-07",
    "store_reference": {
      "id": "2209",
      "name": "starz_sioux_falls"
    },
    "job_reference": {
      "id": "60",
      "name": "Dish"
    },
    "employee_id": "55c4eac84c32e02532334623",
    "employee_reference": {
      "id": "1003",
      "name": "Yesica Mazariego"
    },
    "job_id": "55c4ea95c28eda0378591fa2",
    "started_at": "2015-08-07T14:56:00.000Z",
    "regular_rate": {
      "value": 850,
      "code": "USD",
      "scale": 2
    },
    "sys_id": "55c52656c28eda03785962f1"
  },
  {
    "ended_at": "2015-08-07T18:20:00.000Z",
    "store_id": "557605fc4c32e071180a4604",
    "business_day": "2015-08-07",
    "store_reference": {
      "id": "2209",
      "name": "starz_sioux_falls"
    },
    "job_reference": {
      "id": "10",
      "name": "Manager"
    },
    "employee_id": "55c4ea9c4c32e02532334578",
    "employee_reference": {
      "id": "8353",
      "name": "Ryan Pederson"
    },
    "job_id": "55c4ea95da31494548f47cd3",
    "started_at": "2015-08-07T15:12:00.000Z",
    "regular_rate": {
      "value": 0,
      "code": "USD",
      "scale": 2
    },
    "sys_id": "55c52656d539ec3ef23661b0"
  },
  {
    "ended_at": "2015-08-07T18:20:00.000Z",
    "store_id": "557605fc4c32e071180a4604",
    "business_day": "2015-08-07",
    "store_reference": {
      "id": "2209",
      "name": "starz_sioux_falls"
    },
    "job_reference": {
      "id": "20",
      "name": "Server"
    },
    "employee_id": "55c4eac8da31494548f47d62",
    "employee_reference": {
      "id": "3617",
      "name": "Julia Wicks"
    },
    "job_id": "55c4ea95a0143e4905282d16",
    "started_at": "2015-08-07T16:58:00.000Z",
    "regular_rate": {
      "value": 425,
      "code": "USD",
      "scale": 2
    },
    "sys_id": "55c53463a0143e4905287e49"
  },
  {
    "ended_at": "2015-08-07T18:20:00.000Z",
    "store_id": "557605fc4c32e071180a4604",
    "business_day": "2015-08-07",
    "store_reference": {
      "id": "2209",
      "name": "starz_sioux_falls"
    },
    "job_reference": {
      "id": "20",
      "name": "Server"
    },
    "employee_id": "55c4ea97a0143e4905282d20",
    "employee_reference": {
      "id": "7506",
      "name": "Natasha jo Simonson"
    },
    "job_id": "55c4ea95a0143e4905282d16",
    "started_at": "2015-08-07T16:59:00.000Z",
    "regular_rate": {
      "value": 425,
      "code": "USD",
      "scale": 2
    },
    "sys_id": "55c53464dffa2e7d014c0ba1"
  },
  {
    "ended_at": "2015-08-07T18:20:00.000Z",
    "store_id": "557605fc4c32e071180a4604",
    "business_day": "2015-08-07",
    "store_reference": {
      "id": "2209",
      "name": "starz_sioux_falls"
    },
    "job_reference": {
      "id": "55",
      "name": "Cook"
    },
    "employee_id": "55c4eaa84c32e025323345a7",
    "employee_reference": {
      "id": "153",
      "name": "Osmin Caceres"
    },
    "job_id": "55c4ea954c32e0253233455f",
    "started_at": "2015-08-07T18:04:00.000Z",
    "regular_rate": {
      "value": 1050,
      "code": "USD",
      "scale": 2
    },
    "sys_id": "55c55081d539ec3ef2369257"
  },
  {
    "ended_at": "2015-08-07T18:20:00.000Z",
    "store_id": "557605fc4c32e071180a4604",
    "business_day": "2015-08-07",
    "store_reference": {
      "id": "2209",
      "name": "starz_sioux_falls"
    },
    "job_reference": {
      "id": "20",
      "name": "Server"
    },
    "employee_id": "55c4eabcda31494548f47d41",
    "employee_reference": {
      "id": "842",
      "name": "Samantha Singley"
    },
    "job_id": "55c4ea95a0143e4905282d16",
    "started_at": "2015-08-07T17:30:00.000Z",
    "regular_rate": {
      "value": 425,
      "code": "USD",
      "scale": 2
    },
    "sys_id": "55c55082c28eda0378599d46"
  },
  {
    "ended_at": "2015-08-07T18:20:00.000Z",
    "store_id": "557605fc4c32e071180a4604",
    "business_day": "2015-08-07",
    "store_reference": {
      "id": "2209",
      "name": "starz_sioux_falls"
    },
    "job_reference": {
      "id": "18",
      "name": "Hostess"
    },
    "employee_id": "55c4eac1c28eda037859204f",
    "employee_reference": {
      "id": "5688",
      "name": "Anna Kramer"
    },
    "job_id": "55c4ea954c32e0253233455e",
    "started_at": "2015-08-07T17:37:00.000Z",
    "regular_rate": {
      "value": 725,
      "code": "USD",
      "scale": 2
    },
    "sys_id": "55c55083c28eda0378599d47"
  },
  {
    "ended_at": "2015-08-09T00:08:00.000Z",
    "store_id": "557605fc4c32e071180a4604",
    "business_day": "2015-08-09",
    "store_reference": {
      "id": "2209",
      "name": "starz_sioux_falls"
    },
    "job_reference": {
      "id": "29",
      "name": "Bartender"
    },
    "employee_id": "55c4eac94c32e02532334624",
    "employee_reference": {
      "id": "534",
      "name": "Micah Christensen"
    },
    "job_id": "55c4ea95d539ec3ef23618ad",
    "started_at": "2015-08-09T16:07:00.000Z",
    "regular_rate": {
      "value": 425,
      "code": "USD",
      "scale": 2
    },
    "sys_id": "55c83cf9a0143e49052c1063"
  },
  {
    "ended_at": "2015-08-09T14:28:00.000Z",
    "store_id": "557605fc4c32e071180a4604",
    "business_day": "2015-08-09",
    "store_reference": {
      "id": "2209",
      "name": "starz_sioux_falls"
    },
    "job_reference": {
      "id": "55",
      "name": "Cook"
    },
    "employee_id": "55c4eab9c28eda0378592032",
    "employee_reference": {
      "id": "122",
      "name": "Vern Olsen"
    },
    "job_id": "55c4ea954c32e0253233455f",
    "started_at": "2015-08-09T11:02:00.000Z",
    "regular_rate": {
      "value": 1000,
      "code": "USD",
      "scale": 2
    },
    "sys_id": "55c83cf9c28eda03785cfc2e"
  },
  {
    "ended_at": "2015-08-09T22:05:00.000Z",
    "store_id": "557605fc4c32e071180a4604",
    "business_day": "2015-08-09",
    "store_reference": {
      "id": "2209",
      "name": "starz_sioux_falls"
    },
    "job_reference": {
      "id": "55",
      "name": "Cook"
    },
    "employee_id": "55c4eacbd539ec3ef23618f4",
    "employee_reference": {
      "id": "692",
      "name": "Reannon Monroy"
    },
    "job_id": "55c4ea954c32e0253233455f",
    "started_at": "2015-08-09T16:07:00.000Z",
    "regular_rate": {
      "value": 1000,
      "code": "USD",
      "scale": 2
    },
    "sys_id": "55c83cfadffa2e7d014f7faa"
  },
  {
    "ended_at": "2015-08-09T16:40:00.000Z",
    "store_id": "557605fc4c32e071180a4604",
    "business_day": "2015-08-09",
    "store_reference": {
      "id": "2209",
      "name": "starz_sioux_falls"
    },
    "job_reference": {
      "id": "29",
      "name": "Bartender"
    },
    "employee_id": "55c4eaa14c32e0253233458c",
    "employee_reference": {
      "id": "1025",
      "name": "Chelsey Coffee"
    },
    "job_id": "55c4ea95d539ec3ef23618ad",
    "started_at": "2015-08-09T08:15:00.000Z",
    "regular_rate": {
      "value": 425,
      "code": "USD",
      "scale": 2
    },
    "sys_id": "55c83cfaa0143e49052c1068"
  },
  {
    "ended_at": "2015-08-09T12:51:00.000Z",
    "store_id": "557605fc4c32e071180a4604",
    "business_day": "2015-08-09",
    "store_reference": {
      "id": "2209",
      "name": "starz_sioux_falls"
    },
    "job_reference": {
      "id": "20",
      "name": "Server"
    },
    "employee_id": "55c4ea98c28eda0378591fac",
    "employee_reference": {
      "id": "1680",
      "name": "Jenna Elizabeth christianson"
    },
    "job_id": "55c4ea95a0143e4905282d16",
    "started_at": "2015-08-09T11:34:00.000Z",
    "regular_rate": {
      "value": 425,
      "code": "USD",
      "scale": 2
    },
    "sys_id": "55c83cfac28eda03785cfc2f"
  },
  {
    "ended_at": "2015-08-09T12:43:00.000Z",
    "store_id": "557605fc4c32e071180a4604",
    "business_day": "2015-08-09",
    "store_reference": {
      "id": "2209",
      "name": "starz_sioux_falls"
    },
    "job_reference": {
      "id": "55",
      "name": "Cook"
    },
    "employee_id": "55c4eac9da31494548f47d63",
    "employee_reference": {
      "id": "3326",
      "name": "William Nick Gamber"
    },
    "job_id": "55c4ea954c32e0253233455f",
    "started_at": "2015-08-09T10:56:00.000Z",
    "regular_rate": {
      "value": 900,
      "code": "USD",
      "scale": 2
    },
    "sys_id": "55c83cfa4c32e0253237328b"
  },
  {
    "ended_at": "2015-08-09T13:00:00.000Z",
    "store_id": "557605fc4c32e071180a4604",
    "business_day": "2015-08-09",
    "store_reference": {
      "id": "2209",
      "name": "starz_sioux_falls"
    },
    "job_reference": {
      "id": "18",
      "name": "Hostess"
    },
    "employee_id": "55c4eac8da31494548f47d62",
    "employee_reference": {
      "id": "3617",
      "name": "Julia Wicks"
    },
    "job_id": "55c4ea954c32e0253233455e",
    "started_at": "2015-08-09T10:59:00.000Z",
    "regular_rate": {
      "value": 750,
      "code": "USD",
      "scale": 2
    },
    "sys_id": "55c83cfada31494548f871fe"
  },
  {
    "ended_at": "2015-08-09T16:29:00.000Z",
    "store_id": "557605fc4c32e071180a4604",
    "business_day": "2015-08-09",
    "store_reference": {
      "id": "2209",
      "name": "starz_sioux_falls"
    },
    "job_reference": {
      "id": "20",
      "name": "Server"
    },
    "employee_id": "55c4eacbc28eda0378592072",
    "employee_reference": {
      "id": "3698",
      "name": "Kalie Taylor"
    },
    "job_id": "55c4ea95a0143e4905282d16",
    "started_at": "2015-08-09T10:31:00.000Z",
    "regular_rate": {
      "value": 425,
      "code": "USD",
      "scale": 2
    },
    "sys_id": "55c83cfbda31494548f871ff"
  },
  {
    "ended_at": "2015-08-09T20:27:00.000Z",
    "store_id": "557605fc4c32e071180a4604",
    "business_day": "2015-08-09",
    "store_reference": {
      "id": "2209",
      "name": "starz_sioux_falls"
    },
    "job_reference": {
      "id": "20",
      "name": "Server"
    },
    "employee_id": "55c4eaa34c32e02532334593",
    "employee_reference": {
      "id": "5217",
      "name": "Kelly M Mclaughlin"
    },
    "job_id": "55c4ea95a0143e4905282d16",
    "started_at": "2015-08-09T17:00:00.000Z",
    "regular_rate": {
      "value": 425,
      "code": "USD",
      "scale": 2
    },
    "sys_id": "55c83cfb4c32e0253237328f"
  },
  {
    "ended_at": "2015-08-09T00:45:00.000Z",
    "store_id": "557605fc4c32e071180a4604",
    "business_day": "2015-08-09",
    "store_reference": {
      "id": "2209",
      "name": "starz_sioux_falls"
    },
    "job_reference": {
      "id": "10",
      "name": "Manager"
    },
    "employee_id": "55c4eab0c28eda0378592013",
    "employee_reference": {
      "id": "654",
      "name": "master Queen Master Queen"
    },
    "job_id": "55c4ea95da31494548f47cd3",
    "started_at": "2015-08-09T09:08:00.000Z",
    "regular_rate": {
      "value": 0,
      "code": "USD",
      "scale": 2
    },
    "sys_id": "55c83cfb4c32e02532373291"
  },
  {
    "ended_at": "2015-08-09T14:17:00.000Z",
    "store_id": "557605fc4c32e071180a4604",
    "business_day": "2015-08-09",
    "store_reference": {
      "id": "2209",
      "name": "starz_sioux_falls"
    },
    "job_reference": {
      "id": "20",
      "name": "Server"
    },
    "employee_id": "55c4eac1c28eda037859204f",
    "employee_reference": {
      "id": "5688",
      "name": "Anna Kramer"
    },
    "job_id": "55c4ea95a0143e4905282d16",
    "started_at": "2015-08-09T11:01:00.000Z",
    "regular_rate": {
      "value": 425,
      "code": "USD",
      "scale": 2
    },
    "sys_id": "55c83cfbdffa2e7d014f7fab"
  },
  {
    "ended_at": "2015-08-09T22:05:00.000Z",
    "store_id": "557605fc4c32e071180a4604",
    "business_day": "2015-08-09",
    "store_reference": {
      "id": "2209",
      "name": "starz_sioux_falls"
    },
    "job_reference": {
      "id": "55",
      "name": "Cook"
    },
    "employee_id": "55c4ea974c32e02532334564",
    "employee_reference": {
      "id": "6874",
      "name": "Aaron Wenzel"
    },
    "job_id": "55c4ea954c32e0253233455f",
    "started_at": "2015-08-09T15:45:00.000Z",
    "regular_rate": {
      "value": 1050,
      "code": "USD",
      "scale": 2
    },
    "sys_id": "55c83cfb4c32e02532373294"
  },
  {
    "ended_at": "2015-08-09T22:13:00.000Z",
    "store_id": "557605fc4c32e071180a4604",
    "business_day": "2015-08-09",
    "store_reference": {
      "id": "2209",
      "name": "starz_sioux_falls"
    },
    "job_reference": {
      "id": "20",
      "name": "Server"
    },
    "employee_id": "55c4eacaa0143e4905282d8e",
    "employee_reference": {
      "id": "7714",
      "name": "Sarah Stevens"
    },
    "job_id": "55c4ea95a0143e4905282d16",
    "started_at": "2015-08-09T16:59:00.000Z",
    "regular_rate": {
      "value": 425,
      "code": "USD",
      "scale": 2
    },
    "sys_id": "55c83cfca0143e49052c1073"
  },
  {
    "ended_at": "2015-08-09T00:45:00.000Z",
    "store_id": "557605fc4c32e071180a4604",
    "business_day": "2015-08-09",
    "store_reference": {
      "id": "2209",
      "name": "starz_sioux_falls"
    },
    "job_reference": {
      "id": "10",
      "name": "Manager"
    },
    "employee_id": "55c4ea9c4c32e02532334578",
    "employee_reference": {
      "id": "8353",
      "name": "Ryan Pederson"
    },
    "job_id": "55c4ea95da31494548f47cd3",
    "started_at": "2015-08-09T09:00:00.000Z",
    "regular_rate": {
      "value": 0,
      "code": "USD",
      "scale": 2
    },
    "sys_id": "55c83cfcc28eda03785cfc30"
  },
  {
    "ended_at": "2015-08-09T12:58:00.000Z",
    "store_id": "557605fc4c32e071180a4604",
    "business_day": "2015-08-09",
    "store_reference": {
      "id": "2209",
      "name": "starz_sioux_falls"
    },
    "job_reference": {
      "id": "20",
      "name": "Server"
    },
    "employee_id": "55c4eac8c28eda0378592067",
    "employee_reference": {
      "id": "8512",
      "name": "Alexa Reed"
    },
    "job_id": "55c4ea95a0143e4905282d16",
    "started_at": "2015-08-09T11:02:00.000Z",
    "regular_rate": {
      "value": 425,
      "code": "USD",
      "scale": 2
    },
    "sys_id": "55c83cfcda31494548f87200"
  },
  {
    "ended_at": "2015-08-09T13:14:00.000Z",
    "store_id": "557605fc4c32e071180a4604",
    "business_day": "2015-08-09",
    "store_reference": {
      "id": "2209",
      "name": "starz_sioux_falls"
    },
    "job_reference": {
      "id": "55",
      "name": "Cook"
    },
    "employee_id": "55c4eacba0143e4905282d8f",
    "employee_reference": {
      "id": "9981",
      "name": "Darrell Blythe"
    },
    "job_id": "55c4ea954c32e0253233455f",
    "started_at": "2015-08-09T06:45:00.000Z",
    "regular_rate": {
      "value": 1000,
      "code": "USD",
      "scale": 2
    },
    "sys_id": "55c83cfcc28eda03785cfc31"
  },
  {
    "ended_at": "2015-08-10T16:59:00.000Z",
    "store_id": "557605fc4c32e071180a4604",
    "business_day": "2015-08-10",
    "store_reference": {
      "id": "2209",
      "name": "starz_sioux_falls"
    },
    "job_reference": {
      "id": "29",
      "name": "Bartender"
    },
    "employee_id": "55c4eac94c32e02532334624",
    "employee_reference": {
      "id": "534",
      "name": "Micah Christensen"
    },
    "job_id": "55c4ea95d539ec3ef23618ad",
    "started_at": "2015-08-10T10:20:00.000Z",
    "regular_rate": {
      "value": 425,
      "code": "USD",
      "scale": 2
    },
    "sys_id": "55c92168da31494548f92304"
  },
  {
    "ended_at": "2015-08-10T17:15:00.000Z",
    "store_id": "557605fc4c32e071180a4604",
    "business_day": "2015-08-10",
    "store_reference": {
      "id": "2209",
      "name": "starz_sioux_falls"
    },
    "job_reference": {
      "id": "60",
      "name": "Dish"
    },
    "employee_id": "55c4eac84c32e02532334623",
    "employee_reference": {
      "id": "1003",
      "name": "Yesica Mazariego"
    },
    "job_id": "55c4ea95c28eda0378591fa2",
    "started_at": "2015-08-10T16:12:00.000Z",
    "regular_rate": {
      "value": 850,
      "code": "USD",
      "scale": 2
    },
    "sys_id": "55c92168d539ec3ef23aa2c1"
  },
  {
    "ended_at": "2015-08-10T14:10:00.000Z",
    "store_id": "557605fc4c32e071180a4604",
    "business_day": "2015-08-10",
    "store_reference": {
      "id": "2209",
      "name": "starz_sioux_falls"
    },
    "job_reference": {
      "id": "20",
      "name": "Server"
    },
    "employee_id": "55c4eaa14c32e0253233458c",
    "employee_reference": {
      "id": "1025",
      "name": "Chelsey Coffee"
    },
    "job_id": "55c4ea95a0143e4905282d16",
    "started_at": "2015-08-10T11:23:00.000Z",
    "regular_rate": {
      "value": 425,
      "code": "USD",
      "scale": 2
    },
    "sys_id": "55c92168dffa2e7d01502cc5"
  },
  {
    "ended_at": "2015-08-10T17:15:00.000Z",
    "store_id": "557605fc4c32e071180a4604",
    "business_day": "2015-08-10",
    "store_reference": {
      "id": "2209",
      "name": "starz_sioux_falls"
    },
    "job_reference": {
      "id": "55",
      "name": "Cook"
    },
    "employee_id": "55c4eac9da31494548f47d63",
    "employee_reference": {
      "id": "3326",
      "name": "William Nick Gamber"
    },
    "job_id": "55c4ea954c32e0253233455f",
    "started_at": "2015-08-10T16:53:00.000Z",
    "regular_rate": {
      "value": 900,
      "code": "USD",
      "scale": 2
    },
    "sys_id": "55c92168dffa2e7d01502cc6"
  },
  {
    "ended_at": "2015-08-10T17:15:00.000Z",
    "store_id": "557605fc4c32e071180a4604",
    "business_day": "2015-08-10",
    "store_reference": {
      "id": "2209",
      "name": "starz_sioux_falls"
    },
    "job_reference": {
      "id": "55",
      "name": "Cook"
    },
    "employee_id": "55c4ea974c32e02532334564",
    "employee_reference": {
      "id": "6874",
      "name": "Aaron Wenzel"
    },
    "job_id": "55c4ea954c32e0253233455f",
    "started_at": "2015-08-10T16:47:00.000Z",
    "regular_rate": {
      "value": 1050,
      "code": "USD",
      "scale": 2
    },
    "sys_id": "55c92168da31494548f92305"
  },
  {
    "ended_at": "2015-08-10T17:15:00.000Z",
    "store_id": "557605fc4c32e071180a4604",
    "business_day": "2015-08-10",
    "store_reference": {
      "id": "2209",
      "name": "starz_sioux_falls"
    },
    "job_reference": {
      "id": "10",
      "name": "Manager"
    },
    "employee_id": "55c4eab0c28eda0378592013",
    "employee_reference": {
      "id": "654",
      "name": "master Queen Master Queen"
    },
    "job_id": "55c4ea95da31494548f47cd3",
    "started_at": "2015-08-10T12:42:00.000Z",
    "regular_rate": {
      "value": 0,
      "code": "USD",
      "scale": 2
    },
    "sys_id": "55c92169d539ec3ef23aa2c2"
  },
  {
    "ended_at": "2015-08-10T17:15:00.000Z",
    "store_id": "557605fc4c32e071180a4604",
    "business_day": "2015-08-10",
    "store_reference": {
      "id": "2209",
      "name": "starz_sioux_falls"
    },
    "job_reference": {
      "id": "10",
      "name": "Manager"
    },
    "employee_id": "55c4ea9c4c32e02532334578",
    "employee_reference": {
      "id": "8353",
      "name": "Ryan Pederson"
    },
    "job_id": "55c4ea95da31494548f47cd3",
    "started_at": "2015-08-10T11:22:00.000Z",
    "regular_rate": {
      "value": 0,
      "code": "USD",
      "scale": 2
    },
    "sys_id": "55c92169dffa2e7d01502cc7"
  },
  {
    "ended_at": "2015-08-10T14:11:00.000Z",
    "store_id": "557605fc4c32e071180a4604",
    "business_day": "2015-08-10",
    "store_reference": {
      "id": "2209",
      "name": "starz_sioux_falls"
    },
    "job_reference": {
      "id": "20",
      "name": "Server"
    },
    "employee_id": "55c4ea964c32e02532334561",
    "employee_reference": {
      "id": "9936",
      "name": "Lindsey J Jansma"
    },
    "job_id": "55c4ea95a0143e4905282d16",
    "started_at": "2015-08-10T11:08:00.000Z",
    "regular_rate": {
      "value": 425,
      "code": "USD",
      "scale": 2
    },
    "sys_id": "55c92169dffa2e7d01502cc8"
  },
  {
    "ended_at": "2015-08-10T16:48:00.000Z",
    "store_id": "557605fc4c32e071180a4604",
    "business_day": "2015-08-10",
    "store_reference": {
      "id": "2209",
      "name": "starz_sioux_falls"
    },
    "job_reference": {
      "id": "55",
      "name": "Cook"
    },
    "employee_id": "55c4eacba0143e4905282d8f",
    "employee_reference": {
      "id": "9981",
      "name": "Darrell Blythe"
    },
    "job_id": "55c4ea954c32e0253233455f",
    "started_at": "2015-08-10T08:44:00.000Z",
    "regular_rate": {
      "value": 1000,
      "code": "USD",
      "scale": 2
    },
    "sys_id": "55c92169da31494548f92306"
  },
  {
    "ended_at": "2015-08-10T17:15:00.000Z",
    "store_id": "557605fc4c32e071180a4604",
    "business_day": "2015-08-10",
    "store_reference": {
      "id": "2209",
      "name": "starz_sioux_falls"
    },
    "job_reference": {
      "id": "29",
      "name": "Bartender"
    },
    "employee_id": "55c4ea97a0143e4905282d20",
    "employee_reference": {
      "id": "7506",
      "name": "Natasha jo Simonson"
    },
    "job_id": "55c4ea95d539ec3ef23618ad",
    "started_at": "2015-08-10T16:38:00.000Z",
    "regular_rate": {
      "value": 425,
      "code": "USD",
      "scale": 2
    },
    "sys_id": "55c92169d539ec3ef23aa2c3"
  },
  {
    "ended_at": "2015-08-10T17:15:00.000Z",
    "store_id": "557605fc4c32e071180a4604",
    "business_day": "2015-08-10",
    "store_reference": {
      "id": "2209",
      "name": "starz_sioux_falls"
    },
    "job_reference": {
      "id": "55",
      "name": "Cook"
    },
    "employee_id": "55c4eacbd539ec3ef23618f4",
    "employee_reference": {
      "id": "692",
      "name": "Reannon Monroy"
    },
    "job_id": "55c4ea954c32e0253233455f",
    "started_at": "2015-08-10T17:00:00.000Z",
    "regular_rate": {
      "value": 1000,
      "code": "USD",
      "scale": 2
    },
    "sys_id": "55c9367cdffa2e7d015077a9"
  },
  {
    "ended_at": "2015-08-10T17:15:00.000Z",
    "store_id": "557605fc4c32e071180a4604",
    "business_day": "2015-08-10",
    "store_reference": {
      "id": "2209",
      "name": "starz_sioux_falls"
    },
    "job_reference": {
      "id": "10",
      "name": "Manager"
    },
    "employee_id": "55c4ea9cda31494548f47cf0",
    "employee_reference": {
      "id": "3762",
      "name": "Kahla Hudek"
    },
    "job_id": "55c4ea95da31494548f47cd3",
    "started_at": "2015-08-10T16:58:00.000Z",
    "regular_rate": {
      "value": 1200,
      "code": "USD",
      "scale": 2
    },
    "sys_id": "55c9367dc28eda03785deda5"
  },
  {
    "ended_at": "2015-08-10T17:15:00.000Z",
    "store_id": "557605fc4c32e071180a4604",
    "business_day": "2015-08-10",
    "store_reference": {
      "id": "2209",
      "name": "starz_sioux_falls"
    },
    "job_reference": {
      "id": "20",
      "name": "Server"
    },
    "employee_id": "55c4eaa34c32e02532334593",
    "employee_reference": {
      "id": "5217",
      "name": "Kelly M Mclaughlin"
    },
    "job_id": "55c4ea95a0143e4905282d16",
    "started_at": "2015-08-10T17:01:00.000Z",
    "regular_rate": {
      "value": 425,
      "code": "USD",
      "scale": 2
    },
    "sys_id": "55c9367dc28eda03785deda6"
  },
  {
    "ended_at": "2015-08-10T17:15:00.000Z",
    "store_id": "557605fc4c32e071180a4604",
    "business_day": "2015-08-10",
    "store_reference": {
      "id": "2209",
      "name": "starz_sioux_falls"
    },
    "job_reference": {
      "id": "20",
      "name": "Server"
    },
    "employee_id": "55c4eac1c28eda037859204f",
    "employee_reference": {
      "id": "5688",
      "name": "Anna Kramer"
    },
    "job_id": "55c4ea95a0143e4905282d16",
    "started_at": "2015-08-10T17:07:00.000Z",
    "regular_rate": {
      "value": 425,
      "code": "USD",
      "scale": 2
    },
    "sys_id": "55c9367da0143e49052cf99a"
  },
  {
    "ended_at": "2015-08-11T16:31:00.000Z",
    "store_id": "557605fc4c32e071180a4604",
    "business_day": "2015-08-11",
    "store_reference": {
      "id": "2209",
      "name": "starz_sioux_falls"
    },
    "job_reference": {
      "id": "29",
      "name": "Bartender"
    },
    "employee_id": "55c4eac94c32e02532334624",
    "employee_reference": {
      "id": "534",
      "name": "Micah Christensen"
    },
    "job_id": "55c4ea95d539ec3ef23618ad",
    "started_at": "2015-08-11T10:09:00.000Z",
    "regular_rate": {
      "value": 425,
      "code": "USD",
      "scale": 2
    },
    "sys_id": "55ca4f9ac28eda03785eda2a"
  },
  {
    "ended_at": "2015-08-11T03:40:00.000Z",
    "store_id": "557605fc4c32e071180a4604",
    "business_day": "2015-08-11",
    "store_reference": {
      "id": "2209",
      "name": "starz_sioux_falls"
    },
    "job_reference": {
      "id": "10",
      "name": "Manager"
    },
    "employee_id": "55c4eab0c28eda0378592013",
    "employee_reference": {
      "id": "654",
      "name": "master Queen Master Queen"
    },
    "job_id": "55c4ea95da31494548f47cd3",
    "started_at": "2015-08-11T13:12:00.000Z",
    "regular_rate": {
      "value": 0,
      "code": "USD",
      "scale": 2
    },
    "sys_id": "55ca4f9aa0143e49052dd5ab"
  },
  {
    "ended_at": "2015-08-11T07:00:00.000Z",
    "store_id": "557605fc4c32e071180a4604",
    "business_day": "2015-08-11",
    "store_reference": {
      "id": "2209",
      "name": "starz_sioux_falls"
    },
    "job_reference": {
      "id": "30",
      "name": "Cleaner"
    },
    "employee_id": "55c4eaaf4c32e025323345c4",
    "employee_reference": {
      "id": "865",
      "name": "Hernandez Reyna"
    },
    "job_id": "55c4ea95c28eda0378591fa4",
    "started_at": "2015-08-11T06:03:00.000Z",
    "regular_rate": {
      "value": 1000,
      "code": "USD",
      "scale": 2
    },
    "sys_id": "55ca4f9bd539ec3ef23bcac9"
  },
  {
    "ended_at": "2015-08-11T20:56:00.000Z",
    "store_id": "557605fc4c32e071180a4604",
    "business_day": "2015-08-11",
    "store_reference": {
      "id": "2209",
      "name": "starz_sioux_falls"
    },
    "job_reference": {
      "id": "20",
      "name": "Server"
    },
    "employee_id": "55c4eaa14c32e0253233458c",
    "employee_reference": {
      "id": "1025",
      "name": "Chelsey Coffee"
    },
    "job_id": "55c4ea95a0143e4905282d16",
    "started_at": "2015-08-11T16:54:00.000Z",
    "regular_rate": {
      "value": 425,
      "code": "USD",
      "scale": 2
    },
    "sys_id": "55ca4f9b4c32e02532391db1"
  }
]
